Job Title,Category,Seniority Level,Domain Focus,Sources,Source Count
3D Modeling AI Engineer,3D Graphics,,,claude_web,1
Accountability AI Specialist,Accountability,,,claude_web,1
Actuarial AI Analyst,Insurance,,,claude_web,1
Adversarial AI Researcher,Robustness,,,claude_web,1
Agent Engineer,Core AI/ML Engineering,,,claude_web,1
Agent Systems Engineer,Agentic Systems,,,claude_web,1
Agentic AI Architect,Architecture & Design,Principal,Agentic Frameworks,gemini,1
Agentic AI Engineer,Core AI/ML Engineering,,,claude_web;expanded,2
Agentic AI Governance Lead,,,,expanded,1
Agentic AI Product Manager,,,,expanded,1
Agentic AI Research Engineer,Agentic Systems,,,claude_web,1
Agentic AI Risk Analyst,,,,expanded,1
Agentic AI Specialist,Agentic Systems,,,claude_web;expanded,2
AgentOps Engineer,MLOps/Infrastructure,,,claude_web,1
Agricultural AI Engineer,Agriculture,,,claude_web,1
AI A/B Testing Specialist,Testing,,,claude_web,1
AI Acceleration Engineer,Performance,,,claude_web,1
AI Accelerator Manager,Startup Acceleration,,,claude_web,1
AI Accessibility Auditor,Accessibility,,,claude_web,1
AI Accessibility Specialist,Accessibility,,,claude_web,1
AI Account Executive,,,,expanded,1
AI Account Manager,Account Management,,,claude_web,1
AI Accountant,Accounting,,,claude_web,1
AI Accuracy Auditor,Quality Assurance,,,claude_web,1
AI Acquisition Analyst,Mergers & Acquisitions,,,claude_web,1
AI Acting Coach,Coaching,,,claude_web,1
AI Actor,Acting,,,claude_web,1
AI Actuary,Insurance,,,claude_web,1
AI Admissions Advisor,Admissions,,,claude_web,1
AI Adoption and Employee Experience Lead,,,,expanded,1
AI Adoption Manager,,,,expanded,1
AI Adoption Specialist,,,,expanded,1
AI Advisor,,,,expanded,1
AI Advisory Board Member,Advisory,,,claude_web,1
AI Advocacy Coordinator,Advocacy,,,claude_web,1
AI Advocacy Manager,Business & Sales,,,original,1
AI Affiliate Manager,Affiliate,,,claude_web,1
AI Agency Relationship Manager,Agency Relations,,,claude_web,1
AI Agent Architect,Product/Strategy,,,claude_web;expanded,2
AI Agent Developer,,,,expanded,1
AI Agent Engineer,Core Technical Engineering,Mid-Senior,Task Automation Agents,expanded;gemini,2
AI Agent Product Manager,Product/Strategy,,,claude_web,1
AI Agile Coach,Agile Methodologies,,,claude_web,1
AI Alignment Engineer,Research & Foundational Science,Mid-Senior,Model Alignment Verification,claude_web;gemini,2
AI Alignment Researcher,Research & Foundational Science,Senior,Safety & Value Alignment,expanded;gemini,2
AI Alumni Relations Manager,Alumni,,,claude_web,1
AI Ambassador,,,,expanded,1
AI Ambassador Program Manager,Advocacy,,,claude_web,1
AI Analyst,,,,expanded,1
AI Analytics Engineer,Data-Related,,,original,1
AI Animator,Animation,,,claude_web;expanded,2
AI Annotation Specialist,,,,expanded,1
AI Annotator,,,,expanded,1
AI Annual Fund Manager,Fundraising,,,claude_web,1
AI Anti-Malware Specialist,Malware,,,claude_web,1
AI Anti-Spam Specialist,Spam,,,claude_web,1
AI API Security Specialist,API Security,,,claude_web,1
AI Application Architect,Application,,,claude_web,1
AI Application Security Engineer,AppSec,,,claude_web,1
AI Architect,Product/Strategy,,,claude_web;expanded,2
AI Architecture Review Board Chair,Governance,,,claude_web,1
AI Art Director,Design & Creative,Lead,Creative Campaign Guidance,claude_web;gemini,2
AI Artifact Management Engineer,Artifact Management,,,claude_web,1
AI Artist,,,,expanded,1
AI Asset Management Specialist,Asset Management,,,claude_web,1
AI Assurance Specialist,Governance/Safety/Ethics,,,claude_web,1
AI Attack Simulation Specialist,Penetration Testing,,,claude_web,1
AI Audio Engineer,,,,expanded,1
AI Audit Committee Chair,Governance,,,claude_web,1
AI Audit Lead,Auditing,,,claude_web,1
AI Audit Manager,Auditing,,,claude_web,1
AI Audit Specialist,Governance & Ethics,Mid,Model Transparency & Fairness,gemini,1
AI Auditor,Governance/Safety/Ethics,,,claude_web;expanded,2
AI Automation Analyst,,,,expanded,1
AI Automation Engineer,,,,expanded,1
AI Automation Specialist,,,,expanded,1
AI AWS Specialist,Cloud,,,claude_web,1
AI Azure Specialist,Cloud,,,claude_web,1
AI Backend Developer,Backend,,,claude_web,1
AI Backend Engineer,,,,expanded,1
AI Backup Specialist,Backup,,,claude_web,1
AI BCDR Specialist,BCDR,,,claude_web,1
AI Behavioral Analyst,,,,expanded,1
AI Benchmark Engineer,Benchmarking,,,claude_web,1
AI Benchmarking Analyst,Benchmarking,,,claude_web,1
AI Benchmarking Specialist,Benchmarking,,,claude_web,1
AI Benefits Administrator,Benefits,,,claude_web,1
AI Benefits Analyst,Benefits,,,claude_web,1
AI Best Boy,Cinematography,,,claude_web,1
AI Best Practices Manager,Best Practices,,,claude_web,1
AI Beta Testing Coordinator,Testing,,,claude_web,1
AI Bias Auditor,Auditing,,,claude_web,1
AI Bias Mitigation Specialist,Governance/Safety/Ethics,,,claude_web;expanded,2
AI Billing Specialist,Billing,,,claude_web,1
AI Blog Editor,Content,,,claude_web,1
AI Board Chair,Governance,,,claude_web,1
AI Board Member,Board,,,claude_web,1
AI Boom Operator,Audio,,,claude_web,1
AI Brand Ambassador Coordinator,Advocacy,,,claude_web,1
AI Brand Manager,Brand Management,,,claude_web,1
AI Brand Strategist,Brand Strategy,,,claude_web,1
AI Budget Manager,Finance,,,claude_web,1
AI Bug Triage Specialist,Quality Assurance,,,claude_web,1
AI Build Engineer,DevOps,,,claude_web,1
AI Business Analyst,Product & Program Management,Mid,Requirements & Automation,claude_web;gemini;original,3
AI Business Automation Engineer,Core Technical Engineering,Senior,Enterprise Workflow Integration,gemini,1
AI Business Continuity Manager,Business Continuity,,,claude_web,1
AI Business Continuity Planner,Business Continuity,,,claude_web,1
AI Business Development Manager,Business Development,,,claude_web,1
AI Business Impact Analyst,Business Analysis,,,claude_web,1
AI Business Partner,,,,expanded,1
AI Call Center Manager,Call Centers,,,claude_web,1
AI Camera Operator,Videography,,,claude_web,1
AI Campus Recruiter,Recruiting,,,claude_web,1
AI Capacity Planner,Capacity Planning,,,claude_web,1
AI Capital Campaign Manager,Fundraising,,,claude_web,1
AI Carbon Footprint Analyst,Sustainability,,,claude_web,1
AI Career Counselor,Career Counseling,,,claude_web,1
AI Career Development Manager,Career Development,,,claude_web,1
AI CCO/Chief Compliance Officer AI,Executive,,,claude_web,1
AI CDN Specialist,Content Delivery,,,claude_web,1
AI CEO/CAIO,Executive,,,claude_web,1
AI CFO/Chief Financial Officer AI,Executive,,,claude_web,1
AI Champion,Support Roles,,,original,1
AI Change Impact Assessor,Change Management,,,claude_web,1
AI Change Management Specialist,Change Management,,,claude_web,1
AI Channel Manager,Channel Management,,,claude_web,1
AI Character Designer,Character Design,,,claude_web,1
AI Chatbot Developer,Core Technical Engineering,Mid,Conversational Systems,claude_web;expanded;gemini,3
AI Chatbot Manager,Customer Service,,,claude_web,1
AI Chief Risk Officer,Risk Management,,,claude_web,1
AI Chip Designer,,,,expanded,1
AI Cinematographer,Videography,,,claude_web,1
AI Circular Economy Specialist,Circular Economy,,,claude_web,1
AI CISO/Chief Information Security Officer AI,Executive,,,claude_web,1
AI Claims Specialist,Insurance Claims,,,claude_web,1
AI Cloud Administrator,Cloud,,,claude_web,1
AI Cloud Architect,Architecture & Design,Senior,Cloud Compute Infrastructure,claude_web;gemini,2
AI CMO/Chief Marketing Officer AI,Executive,,,claude_web,1
AI Coach,,,,expanded,1
AI Coaching Program Manager,Coaching,,,claude_web,1
AI CoE Lead,,,,expanded,1
AI CoE Manager,,,,expanded,1
AI College Relations Manager,College Relations,,,claude_web,1
AI Color Grader,Color Grading,,,claude_web,1
AI Columnist,Journalism,,,claude_web,1
AI Communication Manager,Communications,,,claude_web,1
AI Community Advisory Council Member,Community,,,claude_web,1
AI Community Liaison,Community Relations,,,claude_web,1
AI Community Manager,Business & Sales,,,claude_web;original,2
AI Community Volunteer Manager,Community,,,claude_web,1
AI Compensation Committee Chair,Governance,,,claude_web,1
AI Competitive Analyst,Market Analysis,,,claude_web,1
AI Compiler Engineer,Compiler Design,,,claude_web,1
AI Compliance and Legal Advisor,,,,expanded,1
AI Compliance Manager,Governance/Safety/Ethics,,,claude_web;expanded,2
AI Compliance Officer,Governance & Ethics,Mid-Senior,Legal & Regulatory Auditing,claude_web;gemini;original,3
AI Compliance Specialist,Governance & Ethics,,,claude_web;original,2
AI Compositor,Compositing,,,claude_web,1
AI Compute Infrastructure Lead,Infrastructure & Operations,Lead,Data Center Compute,gemini,1
AI Concept Artist,Concept Art,,,claude_web,1
AI Condition Monitoring Specialist,Condition Monitoring,,,claude_web,1
AI Configuration Management Specialist,Configuration Management,,,claude_web,1
AI Configuration Manager,DevOps,,,claude_web,1
AI Consultant,Business & Sales,,,claude_web;original,2
AI Consultant Manager,,,,expanded,1
AI Consulting Partner Manager,Consulting,,,claude_web,1
AI Container Orchestration Engineer,Containerization,,,claude_web,1
AI Content Auditor,,,,expanded,1
AI Content Creator,Design & Creative,Entry-Mid,Generative Copy & Media,claude_web;gemini,2
AI Content Editor,Content,,,claude_web;expanded,2
AI Content Experience Engineer,,,,expanded,1
AI Content Manager,,,,expanded,1
AI Content Moderator,,,,expanded,1
AI Content Red Team Lead,,,,expanded,1
AI Content Strategist,Design & Creative,Mid,Marketing Automation,claude_web;gemini,2
AI Content Writer,,,,expanded,1
AI Contingency Recruiter,Recruiting,,,claude_web,1
AI Continuity Supervisor,Supervision,,,claude_web,1
AI Contract Manager,Contracts,,,claude_web,1
AI Contract Staffing Manager,Contract Staffing,,,claude_web,1
AI Control Assessor,Controls,,,claude_web,1
AI Conversion Rate Optimizer,Optimization,,,claude_web,1
AI COO/Chief Operations Officer AI,Executive,,,claude_web,1
AI Copyright Specialist,Intellectual Property,,,claude_web,1
AI Copywriter,Design & Creative,Entry-Mid,Natural Language Generation,claude_web;expanded;gemini,3
AI Corporate Communications Manager,Corporate Communications,,,claude_web,1
AI Corporate Social Responsibility Manager,CSR,,,claude_web,1
AI Corporate Venture Manager,Corporate Venture Capital,,,claude_web,1
AI Cost Optimization Engineer,Cost Management,,,claude_web,1
AI Costume Designer,Costume Design,,,claude_web,1
AI Course Developer,Course Development,,,claude_web,1
AI Craft Services Manager,Catering,,,claude_web,1
AI Creative Director,Design & Creative,Director,Generative Branding & Media,claude_web;gemini,2
AI Creative Strategist,,,,expanded,1
AI Crisis Communications Manager,Communications,,,claude_web,1
AI Crisis Manager,Crisis Management,,,claude_web,1
AI CTO/Chief Technology Officer AI,Executive,,,claude_web,1
AI Curriculum Designer,Curriculum Design,,,claude_web,1
AI Curriculum Developer,,,,expanded,1
AI Customer Experience Manager,Customer Experience,,,claude_web,1
AI Customer Experience Strategist,,,,expanded,1
AI Customer Service Manager,Customer Service,,,claude_web,1
AI Customer Success Engineer,Customer Success,,,claude_web,1
AI Customer Success Manager,,,,expanded,1
AI Data Analyst,Data-Related,,,claude_web;original,2
AI Data Architect,Data,,,claude_web,1
AI Data Engineer,,,,expanded,1
AI Data Lineage Engineer,Data Lineage,,,claude_web,1
AI Data Pipeline Engineer,Data Engineering,,,claude_web,1
AI Data Protection Officer,Data Protection,,,claude_web,1
AI Data Specialist,AI Training/Annotation,,,claude_web;expanded,2
AI Database Administrator,Databases,,,claude_web,1
AI Debugger Engineer,Debugging Tools,,,claude_web,1
AI Decommissioning Manager,Decommissioning,,,claude_web,1
AI Delivery Engineer,Core Technical Engineering,Senior,End-to-End Solution Shipping,gemini,1
AI Delivery Lead,,,,expanded,1
AI Delivery Manager,Delivery,,,claude_web;expanded,2
AI Deployment Manager,Deployment,,,claude_web,1
AI Deployment Specialist,Deployment,,,claude_web,1
AI Developer,Core AI/ML Engineering,,,claude_web;expanded,2
AI Developer Advocate,Developer Relations,Mid-Senior,Community & SDK Enablement,claude_web;expanded;gemini,3
AI Development Tools Engineer,Development Tools,,,claude_web,1
AI DevOps Engineer,DevOps,,,claude_web,1
AI Diagnostics Engineer,Diagnostics,,,claude_web,1
AI Digital Forensics Specialist,Digital Forensics,,,claude_web,1
AI Director,Film/Video Direction,,,claude_web,1
AI Disaster Recovery Manager,DR,,,claude_web,1
AI Disaster Recovery Specialist,Disaster Recovery,,,claude_web,1
AI Disclosure Officer,Transparency,,,claude_web,1
AI Diversity Coordinator,Diversity,,,claude_web,1
AI Diversity Fellowship Coordinator,Diversity,,,claude_web,1
AI DNS Administrator,Networking,,,claude_web,1
AI Docker Specialist,Containerization,,,claude_web,1
AI Documentation Engineer,Technical Writing,,,claude_web,1
AI Documentation Specialist,Support Roles,,,claude_web;original,2
AI Dolly Grip,Cinematography,,,claude_web,1
AI Donor Relations Manager,Development,,,claude_web,1
AI Donor Stewardship Manager,Donor Relations,,,claude_web,1
AI Drug Discovery Scientist,,,,expanded,1
AI E-Waste Manager,Sustainability,,,claude_web,1
AI Early Access Program Manager,Early Access,,,claude_web,1
AI Editorial Manager,Editorial,,,claude_web,1
AI Educational Content Creator,Educational Content,,,claude_web,1
AI Educator,Education,,,claude_web,1
AI Enablement & Literacy Lead,Product/Strategy,,,claude_web,1
AI Enablement and Adoption Manager,,,,expanded,1
AI Enablement Lead,,,,expanded,1
AI Endowment Manager,Finance,,,claude_web,1
AI Endpoint Security Manager,Endpoint Security,,,claude_web,1
AI Energy Efficiency Auditor,Energy Management,,,claude_web,1
AI Engineer,Core Technical Engineering,Mid-Senior,API & Product Integration,claude_web;gemini;original,3
AI Engineering Manager,Executive & Strategy,Manager,Technical Team Leadership,expanded;gemini,2
AI Enterprise Applications Specialist,,,,expanded,1
AI Enterprise Architect,Enterprise Architecture,,,claude_web,1
AI Entrepreneur,Specialized Roles,,,original,1
AI Environmental Impact Specialist,Environmental,,,claude_web,1
AI Equipment Health Manager,Asset Management,,,claude_web,1
AI Equity Specialist,Equity,,,claude_web,1
AI Ethicist,Governance & Ethics,Mid-Senior,Ethical Alignment,claude_web;gemini;original,3
AI Ethics & Compliance Officer,,,,expanded,1
AI Ethics & Governance Specialist,Governance & Ethics,,,original,1
AI Ethics Advisor,Ethics,,,claude_web,1
AI Ethics and Compliance Officer,Governance/Safety/Ethics,,,claude_web,1
AI Ethics Board Member,Ethics,,,claude_web,1
AI Ethics Officer,Governance & Ethics,,,claude_web;original,2
AI Ethics Program Manager,,,,expanded,1
AI Ethics Researcher,Governance & Ethics,Senior,Ethical Framework Development,expanded;gemini,2
AI Ethics Specialist,Governance & Ethics,,,original,1
AI Evals Engineer,,,,expanded,1
AI Evaluation Engineer,Evaluation & Safety,Senior,Benchmark & Output Testing,expanded;gemini,2
AI Evaluator,AI Training/Annotation,,,claude_web,1
AI Evangelist,Developer Relations,Senior,Model Ecosystem Advocacy,gemini,1
AI Evangelista,Developer Relations,,,claude_web,1
AI Executive Coaching Coordinator,Coaching,,,claude_web,1
AI Executive Producer,Production,,,claude_web,1
AI Executive Recruiter,Executive Search,,,claude_web,1
AI Executive Sponsor Program Manager,Sponsorship,,,claude_web,1
AI Experiment Tracking Engineer,Experiment Management,,,claude_web,1
AI External Auditor,Auditing,,,claude_web,1
AI Facilities Manager,Facilities,,,claude_web,1
AI Failover Specialist,Failover Systems,,,claude_web,1
AI Fairness Auditor,,,,expanded,1
AI Fairness Engineer,Governance & Ethics,,,original,1
AI Fairness Lead,,,,expanded,1
AI FAQ Manager,Documentation,,,claude_web,1
AI Fault Tolerance Engineer,Fault Tolerance,,,claude_web,1
AI Feature Request Processor,Product Management,,,claude_web,1
AI Feedback Collection Coordinator,Feedback,,,claude_web,1
AI Feedback Manager,Feedback,,,claude_web,1
AI Fellowship Program Manager,Fellowship,,,claude_web,1
AI Film Editor,Film Editing,,,claude_web,1
AI Finance Committee Chair,Governance,,,claude_web,1
AI Finance Manager,Finance,,,claude_web,1
AI Financial Analyst,Finance & Fintech,Mid-Senior,Automated Financial Modeling,gemini,1
AI Fine-Tuning Engineer,,,,expanded,1
AI FinTech Risk Specialist,Finance & Fintech,Senior,Credit & Compliance Modeling,gemini,1
AI Firewall Administrator,Security,,,claude_web,1
AI Fitness Coach,Fitness,,,claude_web,1
AI Fleet Manager,Fleet Management,,,claude_web,1
AI Focus Group Coordinator,Market Research,,,claude_web,1
AI Foley Artist,Audio Production,,,claude_web,1
AI for Social Good Program Manager,,,,expanded,1
AI Forecasting Analyst,Forecasting,,,claude_web,1
AI Forensic Investigator,Forensics,,,claude_web,1
AI Forensics Specialist,Cybersecurity,,,claude_web,1
AI Foundation Relations Manager,Philanthropy,,,claude_web,1
AI Founder Coach,Startups,,,claude_web,1
AI Framework Engineer,ML Frameworks,,,claude_web,1
AI Fraud Detection Analyst,Finance & Fintech,Mid-Senior,Risk & Anomaly Detection,gemini,1
AI Freelance Coordinator,Freelance,,,claude_web,1
AI Frontend Developer,Frontend,,,claude_web,1
AI Frontend Engineer,,,,expanded,1
AI Full Stack Developer,Full Stack,,,claude_web,1
AI Fundraising Manager,Fundraising,,,claude_web,1
AI Gaffer,Cinematography,,,claude_web,1
AI GCP Specialist,Cloud,,,claude_web,1
AI Governance Administrator,Governance/Safety/Ethics,,,claude_web;expanded,2
AI Governance Advisor,Governance,,,claude_web,1
AI Governance and Compliance Manager,,,,expanded,1
AI Governance and Risk Officer,,,,expanded,1
AI Governance and Risk Strategy Lead,,,,expanded,1
AI Governance Lead,Governance & Ethics,Lead,Policy Enforcement,claude_web;expanded;gemini,3
AI Governance Manager,Governance & Ethics,Manager,Framework Implementation,claude_web;expanded;gemini,3
AI Governance Officer,Governance & Ethics,,,original,1
AI Governance Project Manager,,,,expanded,1
AI Governance Specialist,,,,expanded,1
AI Governance Technology Lead,,,,expanded,1
AI Graduate Recruiter,Recruiting,,,claude_web,1
AI Grant Manager,Grants,,,claude_web,1
AI Grant Program Manager,Grants,,,claude_web,1
AI Grant Writer,Grant Writing,,,claude_web,1
AI Graphic Designer,Design & Creative,Mid,Visual Media Synthesis,gemini,1
AI Green Computing Specialist,Green IT,,,claude_web,1
AI Growth Partner,,,,expanded,1
AI Hardware Architect,,,,expanded,1
AI Hardware Engineer,,,,expanded,1
AI Health Check Engineer,Health Monitoring,,,claude_web,1
AI Healthcare Systems Consultant,Healthcare & Medicine,Senior,Hospital Workflow Optimization,gemini,1
AI Help Desk Manager,Support,,,claude_web,1
AI High Availability Engineer,High Availability,,,claude_web,1
AI HR Specialist,Human Resources,,,claude_web,1
AI Hypervisor Specialist,Virtualization,,,claude_web,1
AI Illustrator,Illustration,,,claude_web,1
AI Impact Assessor,Impact Assessment,,,claude_web,1
AI Impact Report Coordinator,Impact Reporting,,,claude_web,1
AI Implementation Engineer,Specialized Technical,,,original,1
AI Implementation Specialist,Implementation,,,claude_web;expanded,2
AI Incident Analysis Specialist,Incident Analysis,,,claude_web,1
AI Incident Commander,Incident Management,,,claude_web,1
AI Incident Management Coordinator,Incident Management,,,claude_web,1
AI Incident Response Coordinator,Incident Response,,,claude_web,1
AI Incident Response Lead,Incident Response,,,claude_web,1
AI Inclusion Manager,Inclusion,,,claude_web,1
AI Incubator Manager,Startup Incubation,,,claude_web,1
AI Inference Engineer,,,,expanded,1
AI Influencer Manager,Influencer,,,claude_web,1
AI Infra Architect,,,,expanded,1
AI Infrastructure and Kubernetes Platform Engineer,,,,expanded,1
AI Infrastructure Architect,Leadership & Strategy,,,claude_web;original,2
AI Infrastructure Engineer,Infrastructure & Operations,Senior,Compute & GPU Management,claude_web;gemini;original,3
AI Infrastructure TPM,Product & Program Management,Senior,Compute Hardware Programs,gemini,1
AI Innovation Manager,Strategy & Operations,Manager,Internal R&D Prototyping,claude_web;gemini,2
AI Instructional Designer,Instructional Design,,,claude_web,1
AI Instructor,,,,expanded,1
AI Insurance Agent,Insurance,,,claude_web,1
AI Insurance Broker,Insurance,,,claude_web,1
AI Insurance Manager,Insurance,,,claude_web,1
AI Intake Agent,,,,expanded,1
AI Integration Consultant,Integration,,,claude_web,1
AI Integration Engineer,Core Technical Engineering,Mid-Senior,Enterprise System Integration,claude_web;expanded;gemini,3
AI Integration Specialist,Specialized Technical,,,claude_web;original,2
AI Intern Coordinator,Internship,,,claude_web,1
AI Internal Auditor,Auditing,,,claude_web,1
AI Internal Communications Specialist,Internal Communications,,,claude_web,1
AI Interview Coach,Interview Coaching,,,claude_web,1
AI Inventory Manager,Inventory,,,claude_web,1
AI Investment Analyst,Investment,,,claude_web,1
AI Investment Committee Chair,Governance,,,claude_web,1
AI IP Manager,Networking,,,claude_web,1
AI Issue Resolution Specialist,Issue Management,,,claude_web,1
AI Job Coach,Job Coaching,,,claude_web,1
AI Journalist,Journalism,,,claude_web,1
AI Kanban Specialist,Agile,,,claude_web,1
AI Key Grip,Cinematography,,,claude_web,1
AI Knowledge Base Manager,Knowledge Management,,,claude_web,1
AI Knowledge Engineer,Knowledge Systems,,,claude_web,1
AI Knowledge Management Engineer,Knowledge Management,,,claude_web,1
AI Kubernetes Administrator,Containerization,,,claude_web,1
AI Lab Director,Research,,,claude_web,1
AI Lab Head,,,,expanded,1
AI Landing Page Specialist,Web Design,,,claude_web,1
AI Lawyer,Legal & Professional,Senior,Legal Research Automation,expanded;gemini,2
AI Lead,,,,expanded,1
AI Leadership Development Program Manager,Leadership,,,claude_web,1
AI Lean Specialist,Lean Management,,,claude_web,1
AI Learning Coordinator,Organizational Learning,,,claude_web,1
AI Learning Specialist,Learning & Development,,,claude_web,1
AI Lease Manager,Leasing,,,claude_web,1
AI Legal Consultant,Legal & Professional,Senior,Regulatory Compliance Advice,gemini,1
AI Legal Counsel,Legal,,,claude_web;expanded,2
AI Legal Educator,,,,expanded,1
AI LGBTQ+ in AI Coordinator,Diversity,,,claude_web,1
AI Library Developer,Software Libraries,,,claude_web,1
AI Licensing Manager,Licensing,,,claude_web,1
AI Life Coach,Coaching,,,claude_web,1
AI Lifecycle Management Coordinator,Lifecycle,,,claude_web,1
AI Lighting Technician,Lighting,,,claude_web,1
AI Literacy Lead,,,,expanded,1
AI Load Balancer Administrator,Infrastructure,,,claude_web,1
AI Load Balancing Engineer,Infrastructure,,,claude_web,1
AI Localization Engineer,Localization,,,claude_web,1
AI Location Manager,Locations,,,claude_web,1
AI Log Analysis Specialist,Log Analysis,,,claude_web,1
AI Logging Engineer,Logging,,,claude_web,1
AI Logistics Manager,Logistics,,,claude_web,1
AI Maintenance Optimization Engineer,Maintenance,,,claude_web,1
AI Major Gifts Officer,Fundraising,,,claude_web,1
AI Makeup Artist,Makeup,,,claude_web,1
AI Manager,,,,expanded,1
AI Market Research Analyst,Emerging Roles,,,original,1
AI Market Researcher,Market Research,,,claude_web,1
AI Marketing Analyst,Creative,,,claude_web,1
AI Marketing Manager,Creative,,,claude_web,1
AI Marketing Specialist,Creative,,,claude_web,1
AI Marketing Strategist,Creative,,,claude_web,1
AI Mastering Engineer,Audio Engineering,,,claude_web,1
AI Medical Imaging Specialist,Healthcare & Medicine,Senior,Radiology & Diagnostics AI,gemini,1
AI Mentorship Coordinator,Mentorship,,,claude_web,1
AI Mentorship Program Manager,Mentorship,,,claude_web,1
AI Metering Specialist,Metering,,,claude_web,1
AI Migration Specialist,Migration,,,claude_web,1
AI Minority in AI Coordinator,Diversity,,,claude_web,1
AI Mixing Engineer,Audio Engineering,,,claude_web,1
AI ML Delivery Lead,,,,expanded,1
AI ML Systems Engineer,,,,expanded,1
AI Mobile Security Specialist,Mobile Security,,,claude_web,1
AI Model Evaluator,Data & Human Alignment,Entry-Mid,RLHF & Response Ranking,gemini,1
AI Model Lifecycle Manager,Model Management,,,claude_web,1
AI Model Registry Engineer,Model Management,,,claude_web,1
AI Model Validator,Governance/Safety/Ethics,,,claude_web,1
AI Moderator,,,,expanded,1
AI Monitoring Engineer,Monitoring/Observability,,,claude_web,1
AI Motion Graphics Designer,Motion Graphics,,,claude_web,1
AI Multivariate Testing Specialist,Testing,,,claude_web,1
AI Music Producer,Music Production,,,claude_web,1
AI Network Administrator,Networking,,,claude_web,1
AI Network Architect,Network Architecture,,,claude_web,1
AI Network Engineer,Networking,,,claude_web,1
AI Network Security Engineer,Network Security,,,claude_web,1
AI Newsletter Editor,Content,,,claude_web,1
AI Nominating Committee Chair,Governance,,,claude_web,1
AI Non-Profit Partnership Manager,Non-Profit,,,claude_web,1
AI Nurse,,,,expanded,1
AI Nursing Informatics Specialist,,,,expanded,1
AI Nursing Specialist,Healthcare & Medicine,Mid-Senior,Patient Care Workflow AI,gemini,1
AI Nutritionist Consultant,Nutrition,,,claude_web,1
AI Observability Engineer,Monitoring/Observability,,,claude_web,1
AI Occupational Health Specialist,Health & Safety,,,claude_web,1
AI Operations Analyst,,,,expanded,1
AI Operations Manager,Operations & Support,Manager,Infrastructure & Workflow Execution,claude_web;gemini;original,3
AI Operator,Operations & Support,Entry-Mid,Computer-Use Automation,gemini,1
AI Ops Engineer,MLOps/Infrastructure,,,claude_web;expanded,2
AI Ops Lead,,,,expanded,1
AI Optimization Engineer,Performance,,,claude_web,1
AI Oversight Committee Chair,Governance,,,claude_web,1
AI Oversight Committee Member,Oversight,,,claude_web,1
AI Partner Manager,Partnerships,,,claude_web;expanded,2
AI Partnership Manager,Partnerships,,,claude_web,1
AI Patch Management Specialist,Patching,,,claude_web,1
AI Patent Attorney,Legal & Professional,Senior,Intellectual Property & Patents,gemini,1
AI Patent Specialist,Intellectual Property,,,claude_web,1
AI Payroll Manager,Payroll,,,claude_web,1
AI Peer Mentoring Coordinator,Mentorship,,,claude_web,1
AI Penetration Tester,Security,,,claude_web,1
AI Pension Specialist,Pensions,,,claude_web,1
AI Perception Algorithm Engineer,,,,expanded,1
AI Performance Analyst,Quality & Testing,,,claude_web;original,2
AI Performance Auditor,Auditing,,,claude_web,1
AI Performance Engineer,Quality & Testing,,,claude_web;original,2
AI Person with Disabilities in AI Coordinator,Accessibility,,,claude_web,1
AI Personalization Analyst,,,,expanded,1
AI Personalization Manager,Creative,,,claude_web,1
AI Philosopher,Governance & Ethics,Senior,Human Value Alignment,gemini,1
AI Phishing Awareness Coordinator,Security Awareness,,,claude_web,1
AI Photo Editor,Photo Editing,,,claude_web,1
AI Photographer,Photography,,,claude_web,1
AI Pilot Program Manager,Pilots,,,claude_web,1
AI Planned Giving Officer,Fundraising,,,claude_web,1
AI Platform Engineer,Infrastructure & Operations,Senior,Internal Developer Platforms,claude_web;gemini;original,3
AI Platform Lead,MLOps/Infrastructure,,,claude_web,1
AI Platform Leader,,,,expanded,1
AI Platform Product Manager,,,,expanded,1
AI Podcast Audio Engineer,Audio Engineering,,,claude_web,1
AI Podcast Producer,Podcasting,,,claude_web,1
AI Podcaster,Podcasting,,,claude_web,1
AI Policy Analyst,Governance & Ethics,Mid-Senior,Regulatory Compliance,claude_web;expanded;gemini,3
AI Policy Director,Governance & Ethics,Director,Public Policy & Regulation,gemini,1
AI Policy Manager,Policy,,,claude_web;expanded,2
AI Portfolio Manager,,,,expanded,1
AI Post-Mortem Coordinator,Post-Incident Review,,,claude_web,1
AI Practice Delivery Lead,,,,expanded,1
AI Practice Lead,,,,expanded,1
AI Pre-Sales Consultant,Pre-Sales,,,claude_web,1
AI Predictive Maintenance Specialist,Predictive Maintenance,,,claude_web,1
AI Press Officer,Media Relations,,,claude_web,1
AI Preventive Maintenance Coordinator,Maintenance,,,claude_web,1
AI Privacy Engineer,Governance/Safety/Ethics,,,claude_web;expanded,2
AI Privacy Officer,Privacy,,,claude_web,1
AI Procedure Developer,Procedures,,,claude_web,1
AI Process Improvement Specialist,Process Improvement,,,claude_web,1
AI Procurement Manager,Procurement,,,claude_web,1
AI Procurement Specialist,Procurement,,,claude_web,1
AI Producer,Production,,,claude_web,1
AI Product Analyst,Emerging Roles,,,original,1
AI Product Designer,,,,expanded,1
AI Product Engineer,,,,expanded,1
AI Product Manager,Product & Program Management,Mid-Senior,AI Product Strategy,claude_web;gemini;original,3
AI Product Portfolio Manager,,,,expanded,1
AI Product Specialist,,,,expanded,1
AI Product Support Specialist,,,,expanded,1
AI Production Assistant,Production,,,claude_web,1
AI Production Coordinator,Production,,,claude_web,1
AI Production Designer,Design,,,claude_web,1
AI Production Manager,Production,,,claude_web,1
AI Profiling Engineer,Performance Analysis,,,claude_web,1
AI Program Manager,Product & Program Management,Senior,Enterprise Rollouts,claude_web;expanded;gemini,3
AI Project Manager,Product & Program Management,Mid-Senior,AI Implementation,claude_web;expanded;gemini,3
AI Prompt Engineer,Core Technical Engineering,Mid,Prompt Optimization & Context,expanded;gemini,2
AI Proof of Concept Manager,POC,,,claude_web,1
AI Property Manager,Property Management,,,claude_web,1
AI Props Master,Props,,,claude_web,1
AI Provenance Engineer,Data Provenance,,,claude_web,1
AI Proxy Administrator,Security,,,claude_web,1
AI Public Relations Specialist,Public Relations,,,claude_web,1
AI Purchasing Manager,Purchasing,,,claude_web,1
AI Purple Team Lead,Purple Team,,,claude_web,1
AI QA Engineer,,,,expanded,1
AI Quality Assurance Engineer,Evaluation & Safety,Mid-Senior,System Output Reliability,gemini,1
AI Quality Assurance Specialist,,,,expanded,1
AI Quality Engineer,Quality & Testing,,,claude_web;original,2
AI Quality Manager,Quality Management,,,claude_web,1
AI Quantitative Analyst,Finance & Fintech,Senior,Algorithmic Finance Models,gemini,1
AI Rater,,,,expanded,1
AI Real Estate Agent,Real Estate,,,claude_web,1
AI Recruiting Coordinator,Recruiting,,,claude_web,1
AI Recruiting Manager,Recruitment,,,claude_web,1
AI Recycling Coordinator,Sustainability,,,claude_web,1
AI Red Team Engineer,Governance/Safety/Ethics,,,claude_web;expanded,2
AI Red Teamer,Evaluation & Safety,Senior,Adversarial Model Testing,claude_web;expanded;gemini,3
AI Red Teaming Specialist,,,,expanded,1
AI Redundancy Engineer,Redundancy,,,claude_web,1
AI Reference Architecture Manager,Architecture,,,claude_web,1
AI Regulatory Affairs Manager,Compliance,,,claude_web,1
AI Release Engineer,DevOps,,,claude_web,1
AI Release Manager,Release Management,,,claude_web,1
AI Reliability Auditor,Quality Assurance,,,claude_web,1
AI Reliability Engineer,Infrastructure & Operations,Senior,Production SRE & Monitoring,claude_web;gemini;original,3
AI Reporter,Journalism,,,claude_web,1
AI Reproducibility Engineer,Reproducibility,,,claude_web,1
AI Reputation Manager,Reputation Management,,,claude_web,1
AI Requirements Analyst,Requirements,,,claude_web,1
AI Requirements Gatherer,Requirements,,,claude_web,1
AI Research Analyst,Market Research,,,claude_web,1
AI Research Assistant,,,,expanded,1
AI Research Director,,,,expanded,1
AI Research Engineer,Research & Foundational Science,Senior,Lab-to-Production Research,gemini;original,2
AI Research Fellow,,,,expanded,1
AI Research Institution Director,Research,,,claude_web,1
AI Research Scientist,Research & Foundational Science,Senior,Algorithmic Research,claude_web;gemini;original,3
AI Researcher,Research & Foundational Science,Mid-Senior,Theoretical AI,claude_web;expanded;gemini,3
AI Reseller Manager,Channel Sales,,,claude_web,1
AI Residency Program Director,Residency,,,claude_web,1
AI Resilience Engineer,Resilience,,,claude_web,1
AI Resource Optimization Engineer,Resource Optimization,,,claude_web,1
AI Retained Search Consultant,Executive Search,,,claude_web,1
AI Retirement Planning Specialist,Asset Retirement,,,claude_web,1
AI Retraining Engineer,Model Management,,,claude_web,1
AI Revenue Operations Analyst,,,,expanded,1
AI Reverse Mentoring Program Manager,Mentorship,,,claude_web,1
AI Review Board Member,Governance,,,claude_web,1
AI RevOps Analyst,,,,expanded,1
AI Risk & Compliance Manager,Governance & Ethics,Manager,Regulatory Risk Mitigation,gemini,1
AI Risk Analyst,Governance & Ethics,,,original,1
AI Risk Assessment Engineer,,,,expanded,1
AI Risk Assessment Specialist,Risk,,,claude_web,1
AI Risk Manager,Governance/Safety/Ethics,,,claude_web;expanded,2
AI Risk Modeler - Banking,Finance & Fintech,Senior,Credit Risk & Compliance,gemini,1
AI Risk Officer,Governance & Ethics,Director,Enterprise Risk Management,claude_web;gemini,2
AI Robotics Engineer,Robotics,,,claude_web;expanded,2
AI Root Cause Analysis Lead,Problem Management,,,claude_web,1
AI Root Cause Analysis Specialist,RCA,,,claude_web,1
AI Route Optimization AI Specialist,Transportation,,,claude_web,1
AI RPO Manager,Recruitment Process Outsourcing,,,claude_web,1
AI Runtime Engineer,Runtime Systems,,,claude_web,1
AI Safety Auditor,Safety,,,claude_web,1
AI Safety Engineer,Research & Foundational Science,Mid-Senior,Output Guardrails,claude_web;expanded;gemini,3
AI Safety Evaluator,,,,expanded,1
AI Safety Officer,Safety,,,claude_web,1
AI Safety Researcher,Research & Foundational Science,Senior,Frontier Model Risk Mitigation,expanded;gemini,2
AI Sales Consultant,Business & Sales,,,original,1
AI Sales Engineer,Sales Engineering,,,claude_web;expanded,2
AI Scaling Specialist,Scalability,,,claude_web,1
AI Scholarship Advisor,Education,,,claude_web,1
AI Scholarship Program Manager,Scholarships,,,claude_web,1
AI School Administrator,Education,,,claude_web,1
AI School Counselor,Counseling,,,claude_web,1
AI Scientist,,,,expanded,1
AI Script Supervisor,Supervision,,,claude_web,1
AI Scrum Master,Agile,,,claude_web,1
AI Secure Code Review Specialist,Code Security,,,claude_web,1
AI Security Administrator,Security,,,claude_web,1
AI Security Architect,Security,,,claude_web;expanded,2
AI Security Awareness Manager,Security Awareness,,,claude_web,1
AI Security Engineer,Evaluation & Safety,Senior,Vulnerability & Injection Defense,claude_web;gemini;original,3
AI Security Officer,Security,,,claude_web,1
AI Security Patch Manager,Patching,,,claude_web,1
AI Security Researcher,,,,expanded,1
AI Security Specialist,Governance/Safety/Ethics,,,claude_web;expanded,2
AI Security Training Manager,Security Training,,,claude_web,1
AI Self-Service Portal Manager,Portals,,,claude_web,1
AI Senior Consultant,,,,expanded,1
AI Set Decorator,Decoration,,,claude_web,1
AI Set Designer,Set Design,,,claude_web,1
AI Set Director,Direction,,,claude_web,1
AI SIEM Administrator,SIEM,,,claude_web,1
AI Six Sigma Master,Quality Management,,,claude_web,1
AI Social Impact Manager,Social Impact,,,claude_web,1
AI Software Developer,Core AI,,,original,1
AI Software Engineer,Core AI/ML Engineering,,,claude_web,1
AI Solution Designer,Solution Design,,,claude_web,1
AI Solutions Architect,Leadership & Strategy,,,claude_web;original,2
AI Solutions Architect - Healthcare,Healthcare & Medicine,Senior,EHR & Clinical Integration,gemini,1
AI Solutions Consultant,,,,expanded,1
AI Solutions Engineer,Core Technical Engineering,Mid-Senior,Customer Technical Integration,claude_web;expanded;gemini,3
AI Solutions Manager,,,,expanded,1
AI Solutions Specialist,,,,expanded,1
AI Solutions Strategist,,,,expanded,1
AI Sound Designer,Audio Design,,,claude_web,1
AI Sound Engineer,Audio Engineering,,,claude_web,1
AI Sound Mixer,Audio,,,claude_web,1
AI Special Effects Technician,Special Effects,,,claude_web,1
AI Specialist,Core AI,,,original,1
AI Spokesperson,Media Relations,,,claude_web,1
AI Sponsorship Program Manager,Sponsorship,,,claude_web,1
AI Sprint Coordinator,Agile,,,claude_web,1
AI SRE,Infrastructure & Operations,Mid-Senior,System Uptime & Monitoring,gemini,1
AI SRE Engineer,Site Reliability,,,claude_web,1
AI Staffing Manager,Staffing,,,claude_web,1
AI Stakeholder Advisory Council Chair,Governance,,,claude_web,1
AI Stakeholder Manager,Stakeholder Management,,,claude_web,1
AI Standards Engineer,Governance & Ethics,,,original,1
AI Standards Manager,Standardization,,,claude_web,1
AI Startup Advisor,Startups,,,claude_web,1
AI Steering Committee Member,Governance,,,claude_web,1
AI Storage Administrator,Storage,,,claude_web,1
AI Strategic Advisor,Product & Program Management,Senior,Executive Consulting,gemini,1
AI Strategic Partner Manager,Strategic Partnerships,,,claude_web,1
AI Strategist,Leadership & Strategy,,,claude_web;original,2
AI Strategy Consultant,Product/Strategy,,,claude_web;expanded,2
AI Strategy Lead,,,,expanded,1
AI Student Advisory Council Member,Academic,,,claude_web,1
AI Student Mentor,Mentorship,,,claude_web,1
AI Student Success Manager,Student Services,,,claude_web,1
AI Stunt Coordinator,Stunts,,,claude_web,1
AI Succession Planning Manager,Succession,,,claude_web,1
AI Supplier Manager,Supplier Management,,,claude_web,1
AI Supply Chain Manager,Supply Chain,,,claude_web,1
AI Support Analyst,AI Training/Annotation,,,claude_web,1
AI Support Manager,Support,,,claude_web,1
AI Support Specialist,AI Training/Annotation,,,claude_web,1
AI Survey Designer,Research,,,claude_web,1
AI Sustainability AI Specialist,Sustainability,,,claude_web,1
AI Sustainability Coordinator,Sustainability,,,claude_web,1
AI Synthetic Data Engineer,Data Engineering,,,claude_web,1
AI System Health Manager,Health Monitoring,,,claude_web,1
AI Systems Administrator,Systems,,,claude_web,1
AI Systems Architect,Architecture & Design,Senior,Distributed Systems,gemini,1
AI Systems Designer,Systems Design,,,claude_web,1
AI Systems Engineer,Specialized Technical,,,claude_web;original,2
AI Systems Integrator,Systems Integration,,,claude_web,1
AI Systems Integrator Manager,Systems Integration,,,claude_web,1
AI Systems Safety Manager,Governance/Safety/Ethics,,,claude_web;expanded,2
AI Talent Acquisition Manager,Recruitment,,,claude_web,1
AI Talent Acquisition Specialist,Human Resources,Mid-Senior,Executive Sourcing,gemini,1
AI Talent Development Manager,Talent Development,,,claude_web,1
AI Talent Pipeline Manager,Talent,,,claude_web,1
AI Tax Specialist,Tax,,,claude_web,1
AI Teacher,,,,expanded,1
AI Technical Recruiter,Human Resources,Mid,Talent Acquisition,claude_web;expanded;gemini,3
AI Technical Standards Officer,Standards,,,claude_web,1
AI Technical Support Engineer,Technical Support,,,claude_web,1
AI Technical Writer,Communications,Mid,Model Documentation & API Guides,gemini;original,2
AI Technology Architect,Technology,,,claude_web,1
AI Technology Assessment Specialist,Technology,,,claude_web,1
AI Technology Evaluation Manager,Technology,,,claude_web,1
AI Technology Selection Committee Chair,Technology,,,claude_web,1
AI Technology Standardization Manager,Standardization,,,claude_web,1
AI Telemetry Engineer,Telemetry,,,claude_web,1
AI Telemetry Specialist,Telemetry,,,claude_web,1
AI Temporary Staffing Coordinator,Staffing,,,claude_web,1
AI Test Engineer,Quality & Testing,,,original,1
AI Testing Engineer,Quality Assurance,,,claude_web,1
AI Third-Party Risk Assessor,Vendor Risk,,,claude_web,1
AI Threat Hunter,Threat Hunting,,,claude_web,1
AI Threat Intelligence Analyst,Threat Intel,,,claude_web,1
AI Threat Modeler,Security,,,claude_web,1
AI Threat Researcher,Cybersecurity,,,claude_web,1
AI Ticketing Specialist,Support,,,claude_web,1
AI Tooling Engineer,Development Tools,,,claude_web;expanded,2
AI Trademark Specialist,Intellectual Property,,,claude_web,1
AI Trainer,Data & Human Alignment,Entry-Mid,Data Labeling & Feedback,claude_web;expanded;gemini,3
AI Training Manager,Training & Development,,,claude_web,1
AI Training Specialist,Specialized Technical,,,original,1
AI Transformation Lead,Executive & Strategy,Director,Organizational Change Management,expanded;gemini,2
AI Transparency Report Author,Reporting,,,claude_web,1
AI Transportation Manager,Transportation,,,claude_web,1
AI Trends Analyst,Market Analysis,,,claude_web,1
AI Troubleshooting Engineer,Troubleshooting,,,claude_web,1
AI Troubleshooting Specialist,Technical Support,,,claude_web,1
AI Trust & Safety Specialist,,,,expanded,1
AI Trust and Safety Analyst,,,,expanded,1
AI Tuition Manager,Education,,,claude_web,1
AI Tutor,Tutoring,,,claude_web;expanded,2
AI Underwriting Specialist,Insurance Underwriting,,,claude_web,1
AI Unit Production Manager,Production,,,claude_web,1
AI University Administrator,Higher Education,,,claude_web,1
AI University Relations Manager,University Relations,,,claude_web,1
AI Upgrade Engineer,Systems Upgrade,,,claude_web,1
AI Usability Tester,Usability,,,claude_web,1
AI Usage Analytics Engineer,Analytics,,,claude_web,1
AI User Advisory Council Chair,Customer Advisory,,,claude_web,1
AI User Research Manager,User Research,,,claude_web,1
AI UX Designer,Design & Creative,Mid-Senior,Conversational & Agent Interfaces,claude_web;expanded;gemini,3
AI UX Researcher,User Experience,,,claude_web,1
AI UX/UI Designer,Creative,,,claude_web,1
AI Validation Engineer,Quality & Testing,,,original,1
AI Valuation Specialist,Valuation,,,claude_web,1
AI Value Added Reseller Manager,Channel Sales,,,claude_web,1
AI Vendor Manager,Vendor Management,,,claude_web,1
AI Vendor Relations Manager,Vendor Relations,,,claude_web,1
AI Venture Capital Analyst,Venture Capital,,,claude_web,1
AI Versioning Engineer,Version Control,,,claude_web,1
AI Versioning Specialist,Model Management,,,claude_web,1
AI Video Producer,Video Production,,,claude_web,1
AI Videographer,Videography,,,claude_web,1
AI Virtualization Specialist,Virtualization,,,claude_web,1
AI Visual Artist,Visual Arts,,,claude_web,1
AI Voice Actor,Acting,,,claude_web,1
AI Voice Director,Voice Direction,,,claude_web,1
AI Voice Producer,,,,expanded,1
AI Volunteer Coordinator,Volunteering,,,claude_web,1
AI VPN Administrator,Security,,,claude_web,1
AI Vulnerability Auditor,Security,,,claude_web,1
AI Vulnerability Management Specialist,Vulnerability,,,claude_web,1
AI Vulnerability Researcher,Cybersecurity,,,claude_web,1
AI Warehouse Manager,Warehouse,,,claude_web,1
AI Waste Reduction Specialist,Environmental,,,claude_web,1
AI Water Usage Optimizer,Environmental,,,claude_web,1
AI Web Designer,Web Design,,,claude_web,1
AI Web Developer,Web Development,,,claude_web,1
AI Wellness Coordinator,Wellness,,,claude_web,1
AI Whisperer,,,,expanded,1
AI Women in AI Coordinator,Diversity,,,claude_web,1
AI Workflow Automation Specialist,,,,expanded,1
AI Workflow Engineer,Operations & Infrastructure,,,claude_web;original,2
AI Writer,,,,expanded,1
AI-Augmented Engineer,Core AI/ML Engineering,,,claude_web,1
AI-Driven Content Specialist,,,,expanded,1
AI-Native Developer,Core AI/ML Engineering,,,claude_web;expanded,2
AI/ML Applied Scientist - Life Sciences,Healthcare & Medicine,Senior,Drug Discovery & Genomics,gemini,1
AI/ML Architect,Leadership & Strategy,,,original,1
AI/ML Engineer (Security Clearance),Government/Defense,,,claude_web,1
AIOps Engineer,MLOps/Infrastructure,,,claude_web,1
Algorithmic AI Trader,Finance & Fintech,Senior,Automated Execution Systems,gemini,1
Ambient Clinical AI Engineer,,,,expanded,1
Animation AI Specialist,Animation,,,claude_web,1
Anomaly Detection AI Engineer,Data Quality,,,claude_web,1
Applied AI Engineer,Core Technical Engineering,Mid-Senior,Applied Product Features,claude_web;gemini;original,3
Applied AI Product Manager,,,,expanded,1
Applied AI Scientist,,,,expanded,1
Artificial Intelligence Architect,Architecture & Design,Principal,Enterprise Infrastructure,gemini,1
Artificial Intelligence Consultant,Strategy & Operations,Senior,Enterprise Solutions,gemini,1
Artificial Intelligence Developer,Core Technical Engineering,Mid,Application Engineering,claude_web;gemini,2
Artificial Intelligence Engineer,Core Technical Engineering,Mid-Senior,Algorithmic Software Engineering,gemini;original,2
Artificial Intelligence Operations Lead,Infrastructure & Operations,Lead,Production Workflows,gemini,1
Artificial Intelligence Research Scientist,Research & Foundational Science,Senior,Foundational Model R&D,gemini,1
Artificial Intelligence Specialist,Core Technical Engineering,Mid-Senior,Domain Implementation,gemini,1
Artificial Intelligence Strategy Consultant,Strategy & Operations,Senior,Corporate Roadmaps,gemini,1
ASIC AI Engineer,Hardware Design,,,claude_web,1
Associate AI Engineer,Seniority Variants,,,claude_web,1
Audio AI Engineer,,,,expanded,1
Audio AI Specialist,Audio/Music,,,claude_web,1
Automotive AI Engineer,,,,expanded,1
Autonomous AI Engineer,Specialized Technical,,,claude_web;original,2
Bayesian AI Engineer,Probabilistic Systems,,,claude_web,1
Bio AI Engineer,Biotech,,,claude_web,1
Biomedical AI Engineer,Biotech,,,claude_web,1
C-Suite AI Executive,Executive,,,claude_web,1
Causal Inference AI Engineer,Causal Models,,,claude_web,1
Chatbot AI Engineer,Conversational AI,,,claude_web,1
Chemistry AI Engineer,Chemistry,,,claude_web,1
Chief AI Officer,Executive & Strategy,C-Suite,Enterprise Strategy & Governance,claude_web;gemini;original,3
Chief AI Revenue Officer,Executive,,,claude_web;expanded,2
Chief AI Scientist,,,,expanded,1
Chief Artificial Intelligence Officer,Executive,,,claude_web,1
Chief Medical AI Officer,,,,expanded,1
Chief Responsible AI Officer,Executive & Strategy,C-Suite,Ethics & Compliance,gemini,1
Chip Design AI Engineer,Hardware Design,,,claude_web,1
Climate AI Specialist,Climate Science,,,claude_web,1
Clinical AI Engineer,Healthcare Domain,,,claude_web,1
Clinical AI Informaticist,,,,expanded,1
Clinical AI Product Manager,,,,expanded,1
Clinical AI Reviewer,Healthcare & Medicine,Senior,Medical Safety Auditing,gemini,1
Clinical AI Specialist,Data Science & Analytics,,,claude_web;expanded,2
Clinical Trial AI Specialist,Healthcare Compliance,,,claude_web,1
Cognitive AI Engineer,Specialized Technical,,,original,1
Collaborative Filtering AI Engineer,Recommendation Systems,,,claude_web,1
Community Detection AI Engineer,Graph Systems,,,claude_web,1
Computer Vision AI Engineer,Specialized Technical,,,claude_web,1
Content-Based AI Recommendation Engineer,Recommendation Systems,,,claude_web,1
Context Engineer,Emerging Roles,,,claude_web;original,2
Conversational AI Designer,Creative,,,claude_web;expanded,2
Conversational AI Engineer,Specialized Technical,,,claude_web;original,2
Counterfactual AI Engineer,Causal Models,,,claude_web,1
Credit Risk AI Analyst,Finance,,,claude_web,1
Crop Monitoring AI Specialist,Agriculture,,,claude_web,1
Cybersecurity AI Specialist,Security Domain,,,claude_web,1
Data Privacy Lead - AI Systems,Governance & Ethics,Lead,Data Protection & Privacy,gemini,1
Data Scientist - AI Specialization,Data & Analytics,Mid-Senior,Predictive Analytics,gemini,1
Decentralized AI Engineer,Decentralized Systems,,,claude_web,1
Defense AI Engineer,Government/Defense,,,claude_web,1
Diagnostic AI Specialist,Healthcare,,,claude_web,1
Dialogue AI Engineer,Conversational AI,,,claude_web,1
Differential Privacy AI Engineer,Privacy,,,claude_web,1
Director of AI,Executive,,,claude_web;expanded,2
Director of AI Design & Experience,Executive,,,claude_web,1
Director of AI Engineering,Executive & Strategy,Director,Engineering Management,claude_web;expanded;gemini,3
Director of AI Engineering and Operations,,,,expanded,1
Director of AI Governance,Governance/Safety/Ethics,,,claude_web,1
Director of AI Marketing,Creative,,,claude_web,1
Director of AI Research,,,,expanded,1
Director of AI Strategy,,,,expanded,1
Distinguished AI Engineer,Seniority Variants,,,claude_web,1
Drug Discovery AI Engineer,Biotech,,,claude_web,1
E-commerce AI Specialist,E-commerce Domain,,,claude_web,1
Edge AI Engineer,Specialized Technical,,,claude_web;original,2
Educational AI Specialist,Education Domain,,,claude_web,1
Embedded AI Engineer,Embedded Systems,,,claude_web,1
Encrypted AI Engineer,Cryptography,,,claude_web,1
Energy AI Engineer,Energy Sector,,,claude_web,1
Enterprise AI Architect,,,,expanded,1
Enterprise AI Solutions Architect,Architecture & Design,Senior,Client Infrastructure,gemini,1
Ethical AI Architect,,,,expanded,1
Evals Engineer,AI Training/Annotation,,,claude_web,1
Explainable AI (XAI) Specialist,Specialized Technical,,,claude_web,1
Explainable AI Specialist,Specialized Technical,,,claude_web,1
Fairness AI Engineer,Fairness,,,claude_web,1
Farm Management AI Specialist,Agriculture,,,claude_web,1
FDA AI Specialist,Healthcare Compliance,,,claude_web,1
Feature Store AI Engineer,Data Engineering,,,claude_web,1
Federated Learning AI Engineer,Distributed Learning,,,claude_web,1
Financial AI Engineer,Finance Domain,,,claude_web,1
Financial AI Specialist,Data Science & Analytics,,,claude_web,1
FinTech AI Data Analyst,Finance & Fintech,Mid,Transaction Analytics,gemini,1
FinTech AI Developer,Finance & Fintech,Mid-Senior,Banking API & Model Integration,gemini,1
Food Science AI Engineer,Food & Beverage,,,claude_web,1
Forecasting AI Engineer,Forecasting,,,claude_web,1
Forward Deployed AI Engineer,Core Technical Engineering,Senior,Client-Embedded Engineering,expanded;gemini,2
Forward Deployed Engineer,Core Technical Engineering,,Client-Embedded Engineering,manual,1
Forward-Deployed AI Engineer,Deployment,,,claude_web,1
Founding AI Engineer,,,,expanded,1
Founding AI ML Engineer,,,,expanded,1
FPGA AI Engineer,Hardware Design,,,claude_web,1
Fraud Detection AI Specialist,Finance,,,claude_web,1
Full Stack AI Engineer,,,,expanded,1
Function AI Lead,,,,expanded,1
Game AI Specialist,Gaming,,,claude_web,1
Gaming AI Engineer,Gaming,,,claude_web,1
GenAI Application Developer,,,,expanded,1
GenAI Engineer,Core AI/ML Engineering,,,claude_web,1
GenAI Platform Engineer,,,,expanded,1
Generative AI Designer,Design & Creative,Mid,Visual Asset Generation,claude_web;expanded;gemini,3
Generative AI Engineer,Core Technical Engineering,Mid-Senior,Generative Media & Text,claude_web;gemini;original,3
Generative AI Infrastructure Engineer,Operations & Infrastructure,,,original,1
Generative AI Research Scientist,Generative AI,,,claude_web,1
Generative AI Specialist,Generative AI,,,claude_web,1
Genomic AI Specialist,Biotech,,,claude_web,1
Geospatial AI Engineer,Geospatial Analysis,,,claude_web,1
GPU Optimization AI Engineer,Hardware Optimization,,,claude_web,1
Group AI Product Manager,,,,expanded,1
Hardware Security AI Specialist,Security,,,claude_web,1
Head of AI,Leadership & Strategy,,,claude_web;original,2
Head of AI Engineering,,,,expanded,1
Head of AI Experience,Executive,,,claude_web,1
Head of AI Infrastructure,MLOps/Infrastructure,,,claude_web,1
Head of AI Operations,,,,expanded,1
Head of AI Product,,,,expanded,1
Head of AI Research,Executive & Strategy,Director,Research Vision & Execution,gemini,1
Head of AI Strategy,Executive & Strategy,Director,Business Transformation,gemini,1
Head of Applied AI Engineering,,,,expanded,1
Healthcare AI Engineer,Healthcare & Medicine,Senior,Clinical Systems Development,gemini,1
Healthcare AI Ethics Specialist,Healthcare & Medicine,Senior,Bioethics & Privacy,gemini,1
Healthcare AI Evaluator,Healthcare & Medicine,Mid,Medical Accuracy Verification,gemini,1
Healthcare AI Project Manager,Healthcare & Medicine,Manager,Clinical Software Projects,gemini,1
Healthcare AI Prompt Engineer,Healthcare & Medicine,Mid,Clinical Communications,gemini,1
Healthcare AI Specialist,Data Science & Analytics,,,claude_web,1
Homomorphic Encryption AI Specialist,Cryptography,,,claude_web,1
Hotel AI Specialist,Hospitality,,,claude_web,1
Human-AI Interaction Designer,Creative,,,claude_web,1
Incident Response AI Specialist,Incident Management,,,claude_web,1
Industrial AI Engineer,Manufacturing Domain,,,claude_web,1
Information Retrieval AI Engineer,Search Technology,,,claude_web,1
Infosec Data Scientist - AI Infrastructure,Evaluation & Safety,Senior,Security Analytics,gemini,1
Insurance AI Specialist,Insurance,,,claude_web,1
Intern AI Engineer,Seniority Variants,,,claude_web,1
Junior AI Engineer,Seniority Variants,,,claude_web;expanded,2
Knowledge Graph AI Engineer,Knowledge Systems,,,claude_web,1
Large Language Model Engineer,Core AI/ML Engineering,,,claude_web,1
Lead AI Architect,,,,expanded,1
Lead AI Enablement Operations Project Manager,,,,expanded,1
Lead AI Engineer,Core Technical Engineering,Lead,Technical Oversight,claude_web;gemini,2
Lead AI Prompt Engineer,Core Technical Engineering,Lead,Context Architecture Strategy,gemini,1
Lead AI Researcher,,,,expanded,1
Lead AI Voice Engineer,,,,expanded,1
Legal AI Prompt Specialist,Legal & Professional,Mid,Contract Analysis & Drafting,gemini,1
Legal AI Specialist,Legal Domain,,,claude_web,1
Lending AI Specialist,Finance,,,claude_web,1
Link Prediction AI Engineer,Graph Systems,,,claude_web,1
LLM Architect,Large Language Models,,,claude_web,1
LLM Engineer,Specialized Technical,,,claude_web;original,2
LLM Fine-Tuning Specialist,Specialized Technical,,,original,1
LLM Prompt Engineer,Specialized Technical,,,original,1
LLM Researcher,Large Language Models,,,claude_web,1
LLM Specialist,Large Language Models,,,claude_web,1
LLMOps Engineer,Operations & Infrastructure,,,claude_web;original,2
Logistics AI Engineer,Logistics,,,claude_web,1
Machine Intelligence Engineer,Core AI/ML Engineering,,,claude_web,1
Materials Science AI Engineer,Materials Science,,,claude_web,1
Medical AI Specialist,Data Science & Analytics,,,claude_web,1
Medical AI Trainer,Healthcare & Medicine,Mid,Clinical Model Alignment,gemini,1
Medical Data Scientist - AI,Healthcare & Medicine,Senior,Health Data Modeling,gemini,1
Member of Technical Staff (MTS) - AI Research,Research & Foundational Science,Staff,Frontier Model Research,gemini,1
Memory Optimization AI Engineer,Hardware Optimization,,,claude_web,1
Mid-Level AI Engineer,,,,expanded,1
Molecular AI Scientist,Biotech,,,claude_web,1
Multimodal AI Engineer,Multimodal Systems,,,claude_web;expanded,2
Multimodal AI Researcher,Multimodal Systems,,,claude_web,1
Multimodal AI Scientist,Research & Foundational Science,Senior,Cross-Modal Learning,gemini,1
Music AI Engineer,Audio/Music,,,claude_web,1
Network Analysis AI Engineer,Network Science,,,claude_web,1
Neuromorphic AI Engineer,Neuromorphic Computing,,,claude_web,1
NLP AI Engineer,Specialized Technical,,,claude_web,1
On-Device AI Engineer,Hardware/Edge,,,claude_web,1
Ontology AI Engineer,Knowledge Systems,,,claude_web,1
Outlier Detection AI Specialist,Data Quality,,,claude_web,1
Pathology AI Specialist,Healthcare,,,claude_web,1
Patient Safety AI Specialist,Healthcare,,,claude_web,1
Personalization AI Engineer,Personalization,,,claude_web,1
Portfolio AI Manager,Finance,,,claude_web,1
Power Efficiency AI Engineer,Hardware Optimization,,,claude_web,1
Prediction AI Engineer,Predictive Analytics,,,claude_web,1
Principal Agentic AI Architect,,,,expanded,1
Principal Agentic GenAI Forward-Deployed Context Architect,,,,expanded,1
Principal AI Architect,Architecture & Design,Principal,Enterprise System Design,expanded;gemini,2
Principal AI Engineer,Core Technical Engineering,Principal,Enterprise Systems,claude_web;expanded;gemini,3
Principal AI Product Manager,,,,expanded,1
Principal AI Strategy Consultant,,,,expanded,1
Privacy & AI Governance Analyst,,,,expanded,1
Privacy-Preserving AI Engineer,Privacy,,,claude_web,1
Probabilistic AI Engineer,Probabilistic Systems,,,claude_web,1
Prompt Engineer,Emerging Roles,,,claude_web;original,2
Property Valuation AI Engineer,Real Estate,,,claude_web,1
Quantitative AI Analyst,Data Science & Analytics,,,claude_web,1
Quantitative AI Engineer,Finance Domain,,,claude_web,1
Quantum AI Engineer,Specialized Technical,,,claude_web;original,2
Radiology AI Specialist,Healthcare,,,claude_web,1
RAG Engineer,Specialized Technical,,,claude_web;original,2
Ranking AI Engineer,Search Technology,,,claude_web,1
Real Estate AI Specialist,Real Estate,,,claude_web,1
Recommendation AI Engineer,Specialized Domains,,,claude_web,1
Recommendation System AI Engineer,Recommendation Systems,,,claude_web,1
Regulatory AI Specialist,Compliance,,,claude_web,1
Reinforcement Learning AI Engineer,Specialized Domains,,,claude_web,1
Renewable Energy AI Specialist,Energy Sector,,,claude_web,1
Responsible AI Engineer,Governance & Ethics,,,original,1
Responsible AI Lead,Governance & Ethics,Lead,Corporate Responsibility,claude_web;expanded;gemini,3
Responsible AI Officer,Governance & Ethics,,,original,1
Responsible AI Scientist,Governance/Safety/Ethics,,,claude_web;expanded,2
Responsible AI TPM,Product & Program Management,Senior,Ethics Lifecycle Management,gemini,1
Restaurant AI Manager,Hospitality,,,claude_web,1
Retail AI Engineer,E-commerce Domain,,,claude_web,1
Retrieval Augmented Generation AI Engineer,RAG Systems,,,claude_web,1
Risk Management AI Specialist,Finance,,,claude_web,1
RLHF Contributor,AI Training/Annotation,,,claude_web,1
Robotic Software R&D Engineer - AI,Core Technical Engineering,Senior,Autonomous Hardware,gemini,1
Robust AI Engineer,Robustness,,,claude_web,1
SAP AI Specialist,,,,expanded,1
Search AI Engineer,Search Technology,,,claude_web,1
Secure Multiparty Computation AI Engineer,Cryptography,,,claude_web,1
Semantic Web AI Specialist,Semantic Technologies,,,claude_web,1
Senior Agentic AI Engineer,,,,expanded,1
Senior AI Architect,,,,expanded,1
Senior AI Consultant,,,,expanded,1
Senior AI Engineer,Seniority Variants,,,claude_web;expanded,2
Senior AI Infrastructure Engineer,,,,expanded,1
Senior AI Leadership Position,Executive,,,claude_web,1
Senior AI Product Manager,Product/Strategy,,,claude_web;expanded,2
Senior AI Prompt Engineer,Core Technical Engineering,Senior,Advanced Context Engineering,gemini,1
Senior AI Research Scientist,,,,expanded,1
Senior AI Security Product Manager,,,,expanded,1
Senior AI Software Engineer,Core Technical Engineering,Senior,Full Stack AI Applications,gemini,1
Senior AI Technical Program Manager,Product & Program Management,Senior,Infrastructure & Delivery,gemini,1
Senior GenAI Lead,,,,expanded,1
Senior Healthcare AI Engineer,Healthcare Domain,,,claude_web,1
Senior Manager AI Automation Architect,,,,expanded,1
Senior Manager of AI Governance,,,,expanded,1
Senior Solution Consultant AI Specialist,,,,expanded,1
Social Network AI Analyst,Social Networks,,,claude_web,1
Speech Scientist - AI,Research & Foundational Science,Senior,Voice Models & Synthesis,gemini,1
Speech Synthesis AI Engineer,Voice Technology,,,claude_web,1
Sports Analytics AI Engineer,Sports,,,claude_web,1
Sr Director AI Data Strategy and Governance,,,,expanded,1
Staff AI Engineer,Core Technical Engineering,Staff,Core Architecture,claude_web;expanded;gemini,3
Staff AI Research Scientist,,,,expanded,1
Staff VP AI Technology Governance and Enablement,,,,expanded,1
Supply Chain AI Integrator,,,,expanded,1
Supply Chain AI Specialist,Supply Chain,,,claude_web,1
Sustainability AI Product Manager,,,,expanded,1
Technical AI Policy Researcher,,,,expanded,1
Third-Party Risk Assessor for AI,Governance/Safety/Ethics,,,claude_web,1
Time Series AI Engineer,Time Series Analysis,,,claude_web,1
Tourism AI Analyst,Hospitality,,,claude_web,1
TPU Optimization AI Engineer,Hardware Optimization,,,claude_web,1
Trading AI Specialist,Finance,,,claude_web,1
Transparency AI Specialist,Interpretability,,,claude_web,1
Transparency and Interpretability AI Engineer,Interpretability,,,claude_web,1
Transportation AI Engineer,Transportation,,,claude_web,1
Trusted Execution Environment AI Engineer,Security,,,claude_web,1
Trustworthy AI Engineer,Trust & Safety,,,claude_web,1
Uncertainty Quantification AI Engineer,Uncertainty,,,claude_web,1
Urban Planning AI Specialist,City Planning,,,claude_web,1
Vector Database AI Engineer,Databases,,,claude_web,1
VFX AI Specialist,Visual Effects,,,claude_web,1
Voice AI Engineer,Voice Technology,,,claude_web;expanded,2
VP AI Center of Excellence,,,,expanded,1
VP of AI,Executive,,,claude_web;expanded,2
VP of AI Engineering,Executive & Strategy,Executive,Engineering Leadership,gemini,1
VP of AI Product Marketing,Creative,,,claude_web,1
VP of AI/ML,Executive,,,claude_web,1
VP of Artificial Intelligence,Executive & Strategy,Executive,Organizational AI Leadership,gemini,1
Weather AI Specialist,Climate/Weather,,,claude_web,1
Weather Forecasting AI Engineer,Climate Science,,,claude_web,1
