Job Title,Category,Seniority Level,Domain Focus,Sources,Source Count,keyword
3D Modeling AI Engineer,3D Graphics,,,claude_web,1,3d modeling ai engineer
Accountability AI Specialist,Accountability,,,claude_web,1,accountability ai specialist
Actuarial AI Analyst,Insurance,,,claude_web,1,actuarial ai analyst
Adversarial AI Researcher,Robustness,,,claude_web,1,adversarial ai researcher
Agent Engineer,Core AI/ML Engineering,,,claude_web,1,agent engineer
Agent Systems Engineer,Agentic Systems,,,claude_web,1,agent systems engineer
Agentic AI Architect,Architecture & Design,Principal,Agentic Frameworks,gemini,1,agentic ai architect
Agentic AI Engineer,Core AI/ML Engineering,,,claude_web;expanded,2,agentic ai engineer
Agentic AI Governance Lead,,,,expanded,1,agentic ai governance lead
Agentic AI Product Manager,,,,expanded,1,agentic ai product manager
Agentic AI Research Engineer,Agentic Systems,,,claude_web,1,agentic ai research engineer
Agentic AI Risk Analyst,,,,expanded,1,agentic ai risk analyst
Agentic AI Specialist,Agentic Systems,,,claude_web;expanded,2,agentic ai specialist
AgentOps Engineer,MLOps/Infrastructure,,,claude_web,1,agentops engineer
Agricultural AI Engineer,Agriculture,,,claude_web,1,agricultural ai engineer
AI A/B Testing Specialist,Testing,,,claude_web,1,ai a b testing specialist
AI Acceleration Engineer,Performance,,,claude_web,1,ai acceleration engineer
AI Accelerator Manager,Startup Acceleration,,,claude_web,1,ai accelerator manager
AI Accessibility Auditor,Accessibility,,,claude_web,1,ai accessibility auditor
AI Accessibility Specialist,Accessibility,,,claude_web,1,ai accessibility specialist
AI Account Executive,,,,expanded,1,ai account executive
AI Account Manager,Account Management,,,claude_web,1,ai account manager
AI Accountant,Accounting,,,claude_web,1,ai accountant
AI Accuracy Auditor,Quality Assurance,,,claude_web,1,ai accuracy auditor
AI Acquisition Analyst,Mergers & Acquisitions,,,claude_web,1,ai acquisition analyst
AI Acting Coach,Coaching,,,claude_web,1,ai acting coach
AI Actor,Acting,,,claude_web,1,ai actor
AI Actuary,Insurance,,,claude_web,1,ai actuary
AI Admissions Advisor,Admissions,,,claude_web,1,ai admissions advisor
AI Adoption and Employee Experience Lead,,,,expanded,1,ai adoption and employee experience lead
AI Adoption Manager,,,,expanded,1,ai adoption manager
AI Adoption Specialist,,,,expanded,1,ai adoption specialist
AI Advisor,,,,expanded,1,ai advisor
AI Advisory Board Member,Advisory,,,claude_web,1,ai advisory board member
AI Advocacy Coordinator,Advocacy,,,claude_web,1,ai advocacy coordinator
AI Advocacy Manager,Business & Sales,,,original,1,ai advocacy manager
AI Affiliate Manager,Affiliate,,,claude_web,1,ai affiliate manager
AI Agency Relationship Manager,Agency Relations,,,claude_web,1,ai agency relationship manager
AI Agent Architect,Product/Strategy,,,claude_web;expanded,2,ai agent architect
AI Agent Developer,,,,expanded,1,ai agent developer
AI Agent Engineer,Core Technical Engineering,Mid-Senior,Task Automation Agents,expanded;gemini,2,ai agent engineer
AI Agent Product Manager,Product/Strategy,,,claude_web,1,ai agent product manager
AI Agile Coach,Agile Methodologies,,,claude_web,1,ai agile coach
AI Alignment Engineer,Research & Foundational Science,Mid-Senior,Model Alignment Verification,claude_web;gemini,2,ai alignment engineer
AI Alignment Researcher,Research & Foundational Science,Senior,Safety & Value Alignment,expanded;gemini,2,ai alignment researcher
AI Alumni Relations Manager,Alumni,,,claude_web,1,ai alumni relations manager
AI Ambassador,,,,expanded,1,ai ambassador
AI Ambassador Program Manager,Advocacy,,,claude_web,1,ai ambassador program manager
AI Analyst,,,,expanded,1,ai analyst
AI Analytics Engineer,Data-Related,,,original,1,ai analytics engineer
AI Animator,Animation,,,claude_web;expanded,2,ai animator
AI Annotation Specialist,,,,expanded,1,ai annotation specialist
AI Annotator,,,,expanded,1,ai annotator
AI Annual Fund Manager,Fundraising,,,claude_web,1,ai annual fund manager
AI Anti-Malware Specialist,Malware,,,claude_web,1,ai anti-malware specialist
AI Anti-Spam Specialist,Spam,,,claude_web,1,ai anti-spam specialist
AI API Security Specialist,API Security,,,claude_web,1,ai api security specialist
AI Application Architect,Application,,,claude_web,1,ai application architect
AI Application Security Engineer,AppSec,,,claude_web,1,ai application security engineer
AI Architect,Product/Strategy,,,claude_web;expanded,2,ai architect
AI Architecture Review Board Chair,Governance,,,claude_web,1,ai architecture review board chair
AI Art Director,Design & Creative,Lead,Creative Campaign Guidance,claude_web;gemini,2,ai art director
AI Artifact Management Engineer,Artifact Management,,,claude_web,1,ai artifact management engineer
AI Artist,,,,expanded,1,ai artist
AI Asset Management Specialist,Asset Management,,,claude_web,1,ai asset management specialist
AI Assurance Specialist,Governance/Safety/Ethics,,,claude_web,1,ai assurance specialist
AI Attack Simulation Specialist,Penetration Testing,,,claude_web,1,ai attack simulation specialist
AI Audio Engineer,,,,expanded,1,ai audio engineer
AI Audit Committee Chair,Governance,,,claude_web,1,ai audit committee chair
AI Audit Lead,Auditing,,,claude_web,1,ai audit lead
AI Audit Manager,Auditing,,,claude_web,1,ai audit manager
AI Audit Specialist,Governance & Ethics,Mid,Model Transparency & Fairness,gemini,1,ai audit specialist
AI Auditor,Governance/Safety/Ethics,,,claude_web;expanded,2,ai auditor
AI Automation Analyst,,,,expanded,1,ai automation analyst
AI Automation Engineer,,,,expanded,1,ai automation engineer
AI Automation Specialist,,,,expanded,1,ai automation specialist
AI AWS Specialist,Cloud,,,claude_web,1,ai aws specialist
AI Azure Specialist,Cloud,,,claude_web,1,ai azure specialist
AI Backend Developer,Backend,,,claude_web,1,ai backend developer
AI Backend Engineer,,,,expanded,1,ai backend engineer
AI Backup Specialist,Backup,,,claude_web,1,ai backup specialist
AI BCDR Specialist,BCDR,,,claude_web,1,ai bcdr specialist
AI Behavioral Analyst,,,,expanded,1,ai behavioral analyst
AI Benchmark Engineer,Benchmarking,,,claude_web,1,ai benchmark engineer
AI Benchmarking Analyst,Benchmarking,,,claude_web,1,ai benchmarking analyst
AI Benchmarking Specialist,Benchmarking,,,claude_web,1,ai benchmarking specialist
AI Benefits Administrator,Benefits,,,claude_web,1,ai benefits administrator
AI Benefits Analyst,Benefits,,,claude_web,1,ai benefits analyst
AI Best Boy,Cinematography,,,claude_web,1,ai best boy
AI Best Practices Manager,Best Practices,,,claude_web,1,ai best practices manager
AI Beta Testing Coordinator,Testing,,,claude_web,1,ai beta testing coordinator
AI Bias Auditor,Auditing,,,claude_web,1,ai bias auditor
AI Bias Mitigation Specialist,Governance/Safety/Ethics,,,claude_web;expanded,2,ai bias mitigation specialist
AI Billing Specialist,Billing,,,claude_web,1,ai billing specialist
AI Blog Editor,Content,,,claude_web,1,ai blog editor
AI Board Chair,Governance,,,claude_web,1,ai board chair
AI Board Member,Board,,,claude_web,1,ai board member
AI Boom Operator,Audio,,,claude_web,1,ai boom operator
AI Brand Ambassador Coordinator,Advocacy,,,claude_web,1,ai brand ambassador coordinator
AI Brand Manager,Brand Management,,,claude_web,1,ai brand manager
AI Brand Strategist,Brand Strategy,,,claude_web,1,ai brand strategist
AI Budget Manager,Finance,,,claude_web,1,ai budget manager
AI Bug Triage Specialist,Quality Assurance,,,claude_web,1,ai bug triage specialist
AI Build Engineer,DevOps,,,claude_web,1,ai build engineer
AI Business Analyst,Product & Program Management,Mid,Requirements & Automation,claude_web;gemini;original,3,ai business analyst
AI Business Automation Engineer,Core Technical Engineering,Senior,Enterprise Workflow Integration,gemini,1,ai business automation engineer
AI Business Continuity Manager,Business Continuity,,,claude_web,1,ai business continuity manager
AI Business Continuity Planner,Business Continuity,,,claude_web,1,ai business continuity planner
AI Business Development Manager,Business Development,,,claude_web,1,ai business development manager
AI Business Impact Analyst,Business Analysis,,,claude_web,1,ai business impact analyst
AI Business Partner,,,,expanded,1,ai business partner
AI Call Center Manager,Call Centers,,,claude_web,1,ai call center manager
AI Camera Operator,Videography,,,claude_web,1,ai camera operator
AI Campus Recruiter,Recruiting,,,claude_web,1,ai campus recruiter
AI Capacity Planner,Capacity Planning,,,claude_web,1,ai capacity planner
AI Capital Campaign Manager,Fundraising,,,claude_web,1,ai capital campaign manager
AI Carbon Footprint Analyst,Sustainability,,,claude_web,1,ai carbon footprint analyst
AI Career Counselor,Career Counseling,,,claude_web,1,ai career counselor
AI Career Development Manager,Career Development,,,claude_web,1,ai career development manager
AI CCO/Chief Compliance Officer AI,Executive,,,claude_web,1,ai cco chief compliance officer ai
AI CDN Specialist,Content Delivery,,,claude_web,1,ai cdn specialist
AI CEO/CAIO,Executive,,,claude_web,1,ai ceo caio
AI CFO/Chief Financial Officer AI,Executive,,,claude_web,1,ai cfo chief financial officer ai
AI Champion,Support Roles,,,original,1,ai champion
AI Change Impact Assessor,Change Management,,,claude_web,1,ai change impact assessor
AI Change Management Specialist,Change Management,,,claude_web,1,ai change management specialist
AI Channel Manager,Channel Management,,,claude_web,1,ai channel manager
AI Character Designer,Character Design,,,claude_web,1,ai character designer
AI Chatbot Developer,Core Technical Engineering,Mid,Conversational Systems,claude_web;expanded;gemini,3,ai chatbot developer
AI Chatbot Manager,Customer Service,,,claude_web,1,ai chatbot manager
AI Chief Risk Officer,Risk Management,,,claude_web,1,ai chief risk officer
AI Chip Designer,,,,expanded,1,ai chip designer
AI Cinematographer,Videography,,,claude_web,1,ai cinematographer
AI Circular Economy Specialist,Circular Economy,,,claude_web,1,ai circular economy specialist
AI CISO/Chief Information Security Officer AI,Executive,,,claude_web,1,ai ciso chief information security officer ai
AI Claims Specialist,Insurance Claims,,,claude_web,1,ai claims specialist
AI Cloud Administrator,Cloud,,,claude_web,1,ai cloud administrator
AI Cloud Architect,Architecture & Design,Senior,Cloud Compute Infrastructure,claude_web;gemini,2,ai cloud architect
AI CMO/Chief Marketing Officer AI,Executive,,,claude_web,1,ai cmo chief marketing officer ai
AI Coach,,,,expanded,1,ai coach
AI Coaching Program Manager,Coaching,,,claude_web,1,ai coaching program manager
AI CoE Lead,,,,expanded,1,ai coe lead
AI CoE Manager,,,,expanded,1,ai coe manager
AI College Relations Manager,College Relations,,,claude_web,1,ai college relations manager
AI Color Grader,Color Grading,,,claude_web,1,ai color grader
AI Columnist,Journalism,,,claude_web,1,ai columnist
AI Communication Manager,Communications,,,claude_web,1,ai communication manager
AI Community Advisory Council Member,Community,,,claude_web,1,ai community advisory council member
AI Community Liaison,Community Relations,,,claude_web,1,ai community liaison
AI Community Manager,Business & Sales,,,claude_web;original,2,ai community manager
AI Community Volunteer Manager,Community,,,claude_web,1,ai community volunteer manager
AI Compensation Committee Chair,Governance,,,claude_web,1,ai compensation committee chair
AI Competitive Analyst,Market Analysis,,,claude_web,1,ai competitive analyst
AI Compiler Engineer,Compiler Design,,,claude_web,1,ai compiler engineer
AI Compliance and Legal Advisor,,,,expanded,1,ai compliance and legal advisor
AI Compliance Manager,Governance/Safety/Ethics,,,claude_web;expanded,2,ai compliance manager
AI Compliance Officer,Governance & Ethics,Mid-Senior,Legal & Regulatory Auditing,claude_web;gemini;original,3,ai compliance officer
AI Compliance Specialist,Governance & Ethics,,,claude_web;original,2,ai compliance specialist
AI Compositor,Compositing,,,claude_web,1,ai compositor
AI Compute Infrastructure Lead,Infrastructure & Operations,Lead,Data Center Compute,gemini,1,ai compute infrastructure lead
AI Concept Artist,Concept Art,,,claude_web,1,ai concept artist
AI Condition Monitoring Specialist,Condition Monitoring,,,claude_web,1,ai condition monitoring specialist
AI Configuration Management Specialist,Configuration Management,,,claude_web,1,ai configuration management specialist
AI Configuration Manager,DevOps,,,claude_web,1,ai configuration manager
AI Consultant,Business & Sales,,,claude_web;original,2,ai consultant
AI Consultant Manager,,,,expanded,1,ai consultant manager
AI Consulting Partner Manager,Consulting,,,claude_web,1,ai consulting partner manager
AI Container Orchestration Engineer,Containerization,,,claude_web,1,ai container orchestration engineer
AI Content Auditor,,,,expanded,1,ai content auditor
AI Content Creator,Design & Creative,Entry-Mid,Generative Copy & Media,claude_web;gemini,2,ai content creator
AI Content Editor,Content,,,claude_web;expanded,2,ai content editor
AI Content Experience Engineer,,,,expanded,1,ai content experience engineer
AI Content Manager,,,,expanded,1,ai content manager
AI Content Moderator,,,,expanded,1,ai content moderator
AI Content Red Team Lead,,,,expanded,1,ai content red team lead
AI Content Strategist,Design & Creative,Mid,Marketing Automation,claude_web;gemini,2,ai content strategist
AI Content Writer,,,,expanded,1,ai content writer
AI Contingency Recruiter,Recruiting,,,claude_web,1,ai contingency recruiter
AI Continuity Supervisor,Supervision,,,claude_web,1,ai continuity supervisor
AI Contract Manager,Contracts,,,claude_web,1,ai contract manager
AI Contract Staffing Manager,Contract Staffing,,,claude_web,1,ai contract staffing manager
AI Control Assessor,Controls,,,claude_web,1,ai control assessor
AI Conversion Rate Optimizer,Optimization,,,claude_web,1,ai conversion rate optimizer
AI COO/Chief Operations Officer AI,Executive,,,claude_web,1,ai coo chief operations officer ai
AI Copyright Specialist,Intellectual Property,,,claude_web,1,ai copyright specialist
AI Copywriter,Design & Creative,Entry-Mid,Natural Language Generation,claude_web;expanded;gemini,3,ai copywriter
AI Corporate Communications Manager,Corporate Communications,,,claude_web,1,ai corporate communications manager
AI Corporate Social Responsibility Manager,CSR,,,claude_web,1,ai corporate social responsibility manager
AI Corporate Venture Manager,Corporate Venture Capital,,,claude_web,1,ai corporate venture manager
AI Cost Optimization Engineer,Cost Management,,,claude_web,1,ai cost optimization engineer
AI Costume Designer,Costume Design,,,claude_web,1,ai costume designer
AI Course Developer,Course Development,,,claude_web,1,ai course developer
AI Craft Services Manager,Catering,,,claude_web,1,ai craft services manager
AI Creative Director,Design & Creative,Director,Generative Branding & Media,claude_web;gemini,2,ai creative director
AI Creative Strategist,,,,expanded,1,ai creative strategist
AI Crisis Communications Manager,Communications,,,claude_web,1,ai crisis communications manager
AI Crisis Manager,Crisis Management,,,claude_web,1,ai crisis manager
AI CTO/Chief Technology Officer AI,Executive,,,claude_web,1,ai cto chief technology officer ai
AI Curriculum Designer,Curriculum Design,,,claude_web,1,ai curriculum designer
AI Curriculum Developer,,,,expanded,1,ai curriculum developer
AI Customer Experience Manager,Customer Experience,,,claude_web,1,ai customer experience manager
AI Customer Experience Strategist,,,,expanded,1,ai customer experience strategist
AI Customer Service Manager,Customer Service,,,claude_web,1,ai customer service manager
AI Customer Success Engineer,Customer Success,,,claude_web,1,ai customer success engineer
AI Customer Success Manager,,,,expanded,1,ai customer success manager
AI Data Analyst,Data-Related,,,claude_web;original,2,ai data analyst
AI Data Architect,Data,,,claude_web,1,ai data architect
AI Data Engineer,,,,expanded,1,ai data engineer
AI Data Lineage Engineer,Data Lineage,,,claude_web,1,ai data lineage engineer
AI Data Pipeline Engineer,Data Engineering,,,claude_web,1,ai data pipeline engineer
AI Data Protection Officer,Data Protection,,,claude_web,1,ai data protection officer
AI Data Specialist,AI Training/Annotation,,,claude_web;expanded,2,ai data specialist
AI Database Administrator,Databases,,,claude_web,1,ai database administrator
AI Debugger Engineer,Debugging Tools,,,claude_web,1,ai debugger engineer
AI Decommissioning Manager,Decommissioning,,,claude_web,1,ai decommissioning manager
AI Delivery Engineer,Core Technical Engineering,Senior,End-to-End Solution Shipping,gemini,1,ai delivery engineer
AI Delivery Lead,,,,expanded,1,ai delivery lead
AI Delivery Manager,Delivery,,,claude_web;expanded,2,ai delivery manager
AI Deployment Manager,Deployment,,,claude_web,1,ai deployment manager
AI Deployment Specialist,Deployment,,,claude_web,1,ai deployment specialist
AI Developer,Core AI/ML Engineering,,,claude_web;expanded,2,ai developer
AI Developer Advocate,Developer Relations,Mid-Senior,Community & SDK Enablement,claude_web;expanded;gemini,3,ai developer advocate
AI Development Tools Engineer,Development Tools,,,claude_web,1,ai development tools engineer
AI DevOps Engineer,DevOps,,,claude_web,1,ai devops engineer
AI Diagnostics Engineer,Diagnostics,,,claude_web,1,ai diagnostics engineer
AI Digital Forensics Specialist,Digital Forensics,,,claude_web,1,ai digital forensics specialist
AI Director,Film/Video Direction,,,claude_web,1,ai director
AI Disaster Recovery Manager,DR,,,claude_web,1,ai disaster recovery manager
AI Disaster Recovery Specialist,Disaster Recovery,,,claude_web,1,ai disaster recovery specialist
AI Disclosure Officer,Transparency,,,claude_web,1,ai disclosure officer
AI Diversity Coordinator,Diversity,,,claude_web,1,ai diversity coordinator
AI Diversity Fellowship Coordinator,Diversity,,,claude_web,1,ai diversity fellowship coordinator
AI DNS Administrator,Networking,,,claude_web,1,ai dns administrator
AI Docker Specialist,Containerization,,,claude_web,1,ai docker specialist
AI Documentation Engineer,Technical Writing,,,claude_web,1,ai documentation engineer
AI Documentation Specialist,Support Roles,,,claude_web;original,2,ai documentation specialist
AI Dolly Grip,Cinematography,,,claude_web,1,ai dolly grip
AI Donor Relations Manager,Development,,,claude_web,1,ai donor relations manager
AI Donor Stewardship Manager,Donor Relations,,,claude_web,1,ai donor stewardship manager
AI Drug Discovery Scientist,,,,expanded,1,ai drug discovery scientist
AI E-Waste Manager,Sustainability,,,claude_web,1,ai e-waste manager
AI Early Access Program Manager,Early Access,,,claude_web,1,ai early access program manager
AI Editorial Manager,Editorial,,,claude_web,1,ai editorial manager
AI Educational Content Creator,Educational Content,,,claude_web,1,ai educational content creator
AI Educator,Education,,,claude_web,1,ai educator
AI Enablement & Literacy Lead,Product/Strategy,,,claude_web,1,ai enablement literacy lead
AI Enablement and Adoption Manager,,,,expanded,1,ai enablement and adoption manager
AI Enablement Lead,,,,expanded,1,ai enablement lead
AI Endowment Manager,Finance,,,claude_web,1,ai endowment manager
AI Endpoint Security Manager,Endpoint Security,,,claude_web,1,ai endpoint security manager
AI Energy Efficiency Auditor,Energy Management,,,claude_web,1,ai energy efficiency auditor
AI Engineer,Core Technical Engineering,Mid-Senior,API & Product Integration,claude_web;gemini;original,3,ai engineer
AI Engineering Manager,Executive & Strategy,Manager,Technical Team Leadership,expanded;gemini,2,ai engineering manager
AI Enterprise Applications Specialist,,,,expanded,1,ai enterprise applications specialist
AI Enterprise Architect,Enterprise Architecture,,,claude_web,1,ai enterprise architect
AI Entrepreneur,Specialized Roles,,,original,1,ai entrepreneur
AI Environmental Impact Specialist,Environmental,,,claude_web,1,ai environmental impact specialist
AI Equipment Health Manager,Asset Management,,,claude_web,1,ai equipment health manager
AI Equity Specialist,Equity,,,claude_web,1,ai equity specialist
AI Ethicist,Governance & Ethics,Mid-Senior,Ethical Alignment,claude_web;gemini;original,3,ai ethicist
AI Ethics & Compliance Officer,,,,expanded,1,ai ethics compliance officer
AI Ethics & Governance Specialist,Governance & Ethics,,,original,1,ai ethics governance specialist
AI Ethics Advisor,Ethics,,,claude_web,1,ai ethics advisor
AI Ethics and Compliance Officer,Governance/Safety/Ethics,,,claude_web,1,ai ethics and compliance officer
AI Ethics Board Member,Ethics,,,claude_web,1,ai ethics board member
AI Ethics Officer,Governance & Ethics,,,claude_web;original,2,ai ethics officer
AI Ethics Program Manager,,,,expanded,1,ai ethics program manager
AI Ethics Researcher,Governance & Ethics,Senior,Ethical Framework Development,expanded;gemini,2,ai ethics researcher
AI Ethics Specialist,Governance & Ethics,,,original,1,ai ethics specialist
AI Evals Engineer,,,,expanded,1,ai evals engineer
AI Evaluation Engineer,Evaluation & Safety,Senior,Benchmark & Output Testing,expanded;gemini,2,ai evaluation engineer
AI Evaluator,AI Training/Annotation,,,claude_web,1,ai evaluator
AI Evangelist,Developer Relations,Senior,Model Ecosystem Advocacy,gemini,1,ai evangelist
AI Evangelista,Developer Relations,,,claude_web,1,ai evangelista
AI Executive Coaching Coordinator,Coaching,,,claude_web,1,ai executive coaching coordinator
AI Executive Producer,Production,,,claude_web,1,ai executive producer
AI Executive Recruiter,Executive Search,,,claude_web,1,ai executive recruiter
AI Executive Sponsor Program Manager,Sponsorship,,,claude_web,1,ai executive sponsor program manager
AI Experiment Tracking Engineer,Experiment Management,,,claude_web,1,ai experiment tracking engineer
AI External Auditor,Auditing,,,claude_web,1,ai external auditor
AI Facilities Manager,Facilities,,,claude_web,1,ai facilities manager
AI Failover Specialist,Failover Systems,,,claude_web,1,ai failover specialist
AI Fairness Auditor,,,,expanded,1,ai fairness auditor
AI Fairness Engineer,Governance & Ethics,,,original,1,ai fairness engineer
AI Fairness Lead,,,,expanded,1,ai fairness lead
AI FAQ Manager,Documentation,,,claude_web,1,ai faq manager
AI Fault Tolerance Engineer,Fault Tolerance,,,claude_web,1,ai fault tolerance engineer
AI Feature Request Processor,Product Management,,,claude_web,1,ai feature request processor
AI Feedback Collection Coordinator,Feedback,,,claude_web,1,ai feedback collection coordinator
AI Feedback Manager,Feedback,,,claude_web,1,ai feedback manager
AI Fellowship Program Manager,Fellowship,,,claude_web,1,ai fellowship program manager
AI Film Editor,Film Editing,,,claude_web,1,ai film editor
AI Finance Committee Chair,Governance,,,claude_web,1,ai finance committee chair
AI Finance Manager,Finance,,,claude_web,1,ai finance manager
AI Financial Analyst,Finance & Fintech,Mid-Senior,Automated Financial Modeling,gemini,1,ai financial analyst
AI Fine-Tuning Engineer,,,,expanded,1,ai fine-tuning engineer
AI FinTech Risk Specialist,Finance & Fintech,Senior,Credit & Compliance Modeling,gemini,1,ai fintech risk specialist
AI Firewall Administrator,Security,,,claude_web,1,ai firewall administrator
AI Fitness Coach,Fitness,,,claude_web,1,ai fitness coach
AI Fleet Manager,Fleet Management,,,claude_web,1,ai fleet manager
AI Focus Group Coordinator,Market Research,,,claude_web,1,ai focus group coordinator
AI Foley Artist,Audio Production,,,claude_web,1,ai foley artist
AI for Social Good Program Manager,,,,expanded,1,ai for social good program manager
AI Forecasting Analyst,Forecasting,,,claude_web,1,ai forecasting analyst
AI Forensic Investigator,Forensics,,,claude_web,1,ai forensic investigator
AI Forensics Specialist,Cybersecurity,,,claude_web,1,ai forensics specialist
AI Foundation Relations Manager,Philanthropy,,,claude_web,1,ai foundation relations manager
AI Founder Coach,Startups,,,claude_web,1,ai founder coach
AI Framework Engineer,ML Frameworks,,,claude_web,1,ai framework engineer
AI Fraud Detection Analyst,Finance & Fintech,Mid-Senior,Risk & Anomaly Detection,gemini,1,ai fraud detection analyst
AI Freelance Coordinator,Freelance,,,claude_web,1,ai freelance coordinator
AI Frontend Developer,Frontend,,,claude_web,1,ai frontend developer
AI Frontend Engineer,,,,expanded,1,ai frontend engineer
AI Full Stack Developer,Full Stack,,,claude_web,1,ai full stack developer
AI Fundraising Manager,Fundraising,,,claude_web,1,ai fundraising manager
AI Gaffer,Cinematography,,,claude_web,1,ai gaffer
AI GCP Specialist,Cloud,,,claude_web,1,ai gcp specialist
AI Governance Administrator,Governance/Safety/Ethics,,,claude_web;expanded,2,ai governance administrator
AI Governance Advisor,Governance,,,claude_web,1,ai governance advisor
AI Governance and Compliance Manager,,,,expanded,1,ai governance and compliance manager
AI Governance and Risk Officer,,,,expanded,1,ai governance and risk officer
AI Governance and Risk Strategy Lead,,,,expanded,1,ai governance and risk strategy lead
AI Governance Lead,Governance & Ethics,Lead,Policy Enforcement,claude_web;expanded;gemini,3,ai governance lead
AI Governance Manager,Governance & Ethics,Manager,Framework Implementation,claude_web;expanded;gemini,3,ai governance manager
AI Governance Officer,Governance & Ethics,,,original,1,ai governance officer
AI Governance Project Manager,,,,expanded,1,ai governance project manager
AI Governance Specialist,,,,expanded,1,ai governance specialist
AI Governance Technology Lead,,,,expanded,1,ai governance technology lead
AI Graduate Recruiter,Recruiting,,,claude_web,1,ai graduate recruiter
AI Grant Manager,Grants,,,claude_web,1,ai grant manager
AI Grant Program Manager,Grants,,,claude_web,1,ai grant program manager
AI Grant Writer,Grant Writing,,,claude_web,1,ai grant writer
AI Graphic Designer,Design & Creative,Mid,Visual Media Synthesis,gemini,1,ai graphic designer
AI Green Computing Specialist,Green IT,,,claude_web,1,ai green computing specialist
AI Growth Partner,,,,expanded,1,ai growth partner
AI Hardware Architect,,,,expanded,1,ai hardware architect
AI Hardware Engineer,,,,expanded,1,ai hardware engineer
AI Health Check Engineer,Health Monitoring,,,claude_web,1,ai health check engineer
AI Healthcare Systems Consultant,Healthcare & Medicine,Senior,Hospital Workflow Optimization,gemini,1,ai healthcare systems consultant
AI Help Desk Manager,Support,,,claude_web,1,ai help desk manager
AI High Availability Engineer,High Availability,,,claude_web,1,ai high availability engineer
AI HR Specialist,Human Resources,,,claude_web,1,ai hr specialist
AI Hypervisor Specialist,Virtualization,,,claude_web,1,ai hypervisor specialist
AI Illustrator,Illustration,,,claude_web,1,ai illustrator
AI Impact Assessor,Impact Assessment,,,claude_web,1,ai impact assessor
AI Impact Report Coordinator,Impact Reporting,,,claude_web,1,ai impact report coordinator
AI Implementation Engineer,Specialized Technical,,,original,1,ai implementation engineer
AI Implementation Specialist,Implementation,,,claude_web;expanded,2,ai implementation specialist
AI Incident Analysis Specialist,Incident Analysis,,,claude_web,1,ai incident analysis specialist
AI Incident Commander,Incident Management,,,claude_web,1,ai incident commander
AI Incident Management Coordinator,Incident Management,,,claude_web,1,ai incident management coordinator
AI Incident Response Coordinator,Incident Response,,,claude_web,1,ai incident response coordinator
AI Incident Response Lead,Incident Response,,,claude_web,1,ai incident response lead
AI Inclusion Manager,Inclusion,,,claude_web,1,ai inclusion manager
AI Incubator Manager,Startup Incubation,,,claude_web,1,ai incubator manager
AI Inference Engineer,,,,expanded,1,ai inference engineer
AI Influencer Manager,Influencer,,,claude_web,1,ai influencer manager
AI Infra Architect,,,,expanded,1,ai infra architect
AI Infrastructure and Kubernetes Platform Engineer,,,,expanded,1,ai infrastructure and kubernetes platform engineer
AI Infrastructure Architect,Leadership & Strategy,,,claude_web;original,2,ai infrastructure architect
AI Infrastructure Engineer,Infrastructure & Operations,Senior,Compute & GPU Management,claude_web;gemini;original,3,ai infrastructure engineer
AI Infrastructure TPM,Product & Program Management,Senior,Compute Hardware Programs,gemini,1,ai infrastructure tpm
AI Innovation Manager,Strategy & Operations,Manager,Internal R&D Prototyping,claude_web;gemini,2,ai innovation manager
AI Instructional Designer,Instructional Design,,,claude_web,1,ai instructional designer
AI Instructor,,,,expanded,1,ai instructor
AI Insurance Agent,Insurance,,,claude_web,1,ai insurance agent
AI Insurance Broker,Insurance,,,claude_web,1,ai insurance broker
AI Insurance Manager,Insurance,,,claude_web,1,ai insurance manager
AI Intake Agent,,,,expanded,1,ai intake agent
AI Integration Consultant,Integration,,,claude_web,1,ai integration consultant
AI Integration Engineer,Core Technical Engineering,Mid-Senior,Enterprise System Integration,claude_web;expanded;gemini,3,ai integration engineer
AI Integration Specialist,Specialized Technical,,,claude_web;original,2,ai integration specialist
AI Intern Coordinator,Internship,,,claude_web,1,ai intern coordinator
AI Internal Auditor,Auditing,,,claude_web,1,ai internal auditor
AI Internal Communications Specialist,Internal Communications,,,claude_web,1,ai internal communications specialist
AI Interview Coach,Interview Coaching,,,claude_web,1,ai interview coach
AI Inventory Manager,Inventory,,,claude_web,1,ai inventory manager
AI Investment Analyst,Investment,,,claude_web,1,ai investment analyst
AI Investment Committee Chair,Governance,,,claude_web,1,ai investment committee chair
AI IP Manager,Networking,,,claude_web,1,ai ip manager
AI Issue Resolution Specialist,Issue Management,,,claude_web,1,ai issue resolution specialist
AI Job Coach,Job Coaching,,,claude_web,1,ai job coach
AI Journalist,Journalism,,,claude_web,1,ai journalist
AI Kanban Specialist,Agile,,,claude_web,1,ai kanban specialist
AI Key Grip,Cinematography,,,claude_web,1,ai key grip
AI Knowledge Base Manager,Knowledge Management,,,claude_web,1,ai knowledge base manager
AI Knowledge Engineer,Knowledge Systems,,,claude_web,1,ai knowledge engineer
AI Knowledge Management Engineer,Knowledge Management,,,claude_web,1,ai knowledge management engineer
AI Kubernetes Administrator,Containerization,,,claude_web,1,ai kubernetes administrator
AI Lab Director,Research,,,claude_web,1,ai lab director
AI Lab Head,,,,expanded,1,ai lab head
AI Landing Page Specialist,Web Design,,,claude_web,1,ai landing page specialist
AI Lawyer,Legal & Professional,Senior,Legal Research Automation,expanded;gemini,2,ai lawyer
AI Lead,,,,expanded,1,ai lead
AI Leadership Development Program Manager,Leadership,,,claude_web,1,ai leadership development program manager
AI Lean Specialist,Lean Management,,,claude_web,1,ai lean specialist
AI Learning Coordinator,Organizational Learning,,,claude_web,1,ai learning coordinator
AI Learning Specialist,Learning & Development,,,claude_web,1,ai learning specialist
AI Lease Manager,Leasing,,,claude_web,1,ai lease manager
AI Legal Consultant,Legal & Professional,Senior,Regulatory Compliance Advice,gemini,1,ai legal consultant
AI Legal Counsel,Legal,,,claude_web;expanded,2,ai legal counsel
AI Legal Educator,,,,expanded,1,ai legal educator
AI LGBTQ+ in AI Coordinator,Diversity,,,claude_web,1,ai lgbtq in ai coordinator
AI Library Developer,Software Libraries,,,claude_web,1,ai library developer
AI Licensing Manager,Licensing,,,claude_web,1,ai licensing manager
AI Life Coach,Coaching,,,claude_web,1,ai life coach
AI Lifecycle Management Coordinator,Lifecycle,,,claude_web,1,ai lifecycle management coordinator
AI Lighting Technician,Lighting,,,claude_web,1,ai lighting technician
AI Literacy Lead,,,,expanded,1,ai literacy lead
AI Load Balancer Administrator,Infrastructure,,,claude_web,1,ai load balancer administrator
AI Load Balancing Engineer,Infrastructure,,,claude_web,1,ai load balancing engineer
AI Localization Engineer,Localization,,,claude_web,1,ai localization engineer
AI Location Manager,Locations,,,claude_web,1,ai location manager
AI Log Analysis Specialist,Log Analysis,,,claude_web,1,ai log analysis specialist
AI Logging Engineer,Logging,,,claude_web,1,ai logging engineer
AI Logistics Manager,Logistics,,,claude_web,1,ai logistics manager
AI Maintenance Optimization Engineer,Maintenance,,,claude_web,1,ai maintenance optimization engineer
AI Major Gifts Officer,Fundraising,,,claude_web,1,ai major gifts officer
AI Makeup Artist,Makeup,,,claude_web,1,ai makeup artist
AI Manager,,,,expanded,1,ai manager
AI Market Research Analyst,Emerging Roles,,,original,1,ai market research analyst
AI Market Researcher,Market Research,,,claude_web,1,ai market researcher
AI Marketing Analyst,Creative,,,claude_web,1,ai marketing analyst
AI Marketing Manager,Creative,,,claude_web,1,ai marketing manager
AI Marketing Specialist,Creative,,,claude_web,1,ai marketing specialist
AI Marketing Strategist,Creative,,,claude_web,1,ai marketing strategist
AI Mastering Engineer,Audio Engineering,,,claude_web,1,ai mastering engineer
AI Medical Imaging Specialist,Healthcare & Medicine,Senior,Radiology & Diagnostics AI,gemini,1,ai medical imaging specialist
AI Mentorship Coordinator,Mentorship,,,claude_web,1,ai mentorship coordinator
AI Mentorship Program Manager,Mentorship,,,claude_web,1,ai mentorship program manager
AI Metering Specialist,Metering,,,claude_web,1,ai metering specialist
AI Migration Specialist,Migration,,,claude_web,1,ai migration specialist
AI Minority in AI Coordinator,Diversity,,,claude_web,1,ai minority in ai coordinator
AI Mixing Engineer,Audio Engineering,,,claude_web,1,ai mixing engineer
AI ML Delivery Lead,,,,expanded,1,ai ml delivery lead
AI ML Systems Engineer,,,,expanded,1,ai ml systems engineer
AI Mobile Security Specialist,Mobile Security,,,claude_web,1,ai mobile security specialist
AI Model Evaluator,Data & Human Alignment,Entry-Mid,RLHF & Response Ranking,gemini,1,ai model evaluator
AI Model Lifecycle Manager,Model Management,,,claude_web,1,ai model lifecycle manager
AI Model Registry Engineer,Model Management,,,claude_web,1,ai model registry engineer
AI Model Validator,Governance/Safety/Ethics,,,claude_web,1,ai model validator
AI Moderator,,,,expanded,1,ai moderator
AI Monitoring Engineer,Monitoring/Observability,,,claude_web,1,ai monitoring engineer
AI Motion Graphics Designer,Motion Graphics,,,claude_web,1,ai motion graphics designer
AI Multivariate Testing Specialist,Testing,,,claude_web,1,ai multivariate testing specialist
AI Music Producer,Music Production,,,claude_web,1,ai music producer
AI Network Administrator,Networking,,,claude_web,1,ai network administrator
AI Network Architect,Network Architecture,,,claude_web,1,ai network architect
AI Network Engineer,Networking,,,claude_web,1,ai network engineer
AI Network Security Engineer,Network Security,,,claude_web,1,ai network security engineer
AI Newsletter Editor,Content,,,claude_web,1,ai newsletter editor
AI Nominating Committee Chair,Governance,,,claude_web,1,ai nominating committee chair
AI Non-Profit Partnership Manager,Non-Profit,,,claude_web,1,ai non-profit partnership manager
AI Nurse,,,,expanded,1,ai nurse
AI Nursing Informatics Specialist,,,,expanded,1,ai nursing informatics specialist
AI Nursing Specialist,Healthcare & Medicine,Mid-Senior,Patient Care Workflow AI,gemini,1,ai nursing specialist
AI Nutritionist Consultant,Nutrition,,,claude_web,1,ai nutritionist consultant
AI Observability Engineer,Monitoring/Observability,,,claude_web,1,ai observability engineer
AI Occupational Health Specialist,Health & Safety,,,claude_web,1,ai occupational health specialist
AI Operations Analyst,,,,expanded,1,ai operations analyst
AI Operations Manager,Operations & Support,Manager,Infrastructure & Workflow Execution,claude_web;gemini;original,3,ai operations manager
AI Operator,Operations & Support,Entry-Mid,Computer-Use Automation,gemini,1,ai operator
AI Ops Engineer,MLOps/Infrastructure,,,claude_web;expanded,2,ai ops engineer
AI Ops Lead,,,,expanded,1,ai ops lead
AI Optimization Engineer,Performance,,,claude_web,1,ai optimization engineer
AI Oversight Committee Chair,Governance,,,claude_web,1,ai oversight committee chair
AI Oversight Committee Member,Oversight,,,claude_web,1,ai oversight committee member
AI Partner Manager,Partnerships,,,claude_web;expanded,2,ai partner manager
AI Partnership Manager,Partnerships,,,claude_web,1,ai partnership manager
AI Patch Management Specialist,Patching,,,claude_web,1,ai patch management specialist
AI Patent Attorney,Legal & Professional,Senior,Intellectual Property & Patents,gemini,1,ai patent attorney
AI Patent Specialist,Intellectual Property,,,claude_web,1,ai patent specialist
AI Payroll Manager,Payroll,,,claude_web,1,ai payroll manager
AI Peer Mentoring Coordinator,Mentorship,,,claude_web,1,ai peer mentoring coordinator
AI Penetration Tester,Security,,,claude_web,1,ai penetration tester
AI Pension Specialist,Pensions,,,claude_web,1,ai pension specialist
AI Perception Algorithm Engineer,,,,expanded,1,ai perception algorithm engineer
AI Performance Analyst,Quality & Testing,,,claude_web;original,2,ai performance analyst
AI Performance Auditor,Auditing,,,claude_web,1,ai performance auditor
AI Performance Engineer,Quality & Testing,,,claude_web;original,2,ai performance engineer
AI Person with Disabilities in AI Coordinator,Accessibility,,,claude_web,1,ai person with disabilities in ai coordinator
AI Personalization Analyst,,,,expanded,1,ai personalization analyst
AI Personalization Manager,Creative,,,claude_web,1,ai personalization manager
AI Philosopher,Governance & Ethics,Senior,Human Value Alignment,gemini,1,ai philosopher
AI Phishing Awareness Coordinator,Security Awareness,,,claude_web,1,ai phishing awareness coordinator
AI Photo Editor,Photo Editing,,,claude_web,1,ai photo editor
AI Photographer,Photography,,,claude_web,1,ai photographer
AI Pilot Program Manager,Pilots,,,claude_web,1,ai pilot program manager
AI Planned Giving Officer,Fundraising,,,claude_web,1,ai planned giving officer
AI Platform Engineer,Infrastructure & Operations,Senior,Internal Developer Platforms,claude_web;gemini;original,3,ai platform engineer
AI Platform Lead,MLOps/Infrastructure,,,claude_web,1,ai platform lead
AI Platform Leader,,,,expanded,1,ai platform leader
AI Platform Product Manager,,,,expanded,1,ai platform product manager
AI Podcast Audio Engineer,Audio Engineering,,,claude_web,1,ai podcast audio engineer
AI Podcast Producer,Podcasting,,,claude_web,1,ai podcast producer
AI Podcaster,Podcasting,,,claude_web,1,ai podcaster
AI Policy Analyst,Governance & Ethics,Mid-Senior,Regulatory Compliance,claude_web;expanded;gemini,3,ai policy analyst
AI Policy Director,Governance & Ethics,Director,Public Policy & Regulation,gemini,1,ai policy director
AI Policy Manager,Policy,,,claude_web;expanded,2,ai policy manager
AI Portfolio Manager,,,,expanded,1,ai portfolio manager
AI Post-Mortem Coordinator,Post-Incident Review,,,claude_web,1,ai post-mortem coordinator
AI Practice Delivery Lead,,,,expanded,1,ai practice delivery lead
AI Practice Lead,,,,expanded,1,ai practice lead
AI Pre-Sales Consultant,Pre-Sales,,,claude_web,1,ai pre-sales consultant
AI Predictive Maintenance Specialist,Predictive Maintenance,,,claude_web,1,ai predictive maintenance specialist
AI Press Officer,Media Relations,,,claude_web,1,ai press officer
AI Preventive Maintenance Coordinator,Maintenance,,,claude_web,1,ai preventive maintenance coordinator
AI Privacy Engineer,Governance/Safety/Ethics,,,claude_web;expanded,2,ai privacy engineer
AI Privacy Officer,Privacy,,,claude_web,1,ai privacy officer
AI Procedure Developer,Procedures,,,claude_web,1,ai procedure developer
AI Process Improvement Specialist,Process Improvement,,,claude_web,1,ai process improvement specialist
AI Procurement Manager,Procurement,,,claude_web,1,ai procurement manager
AI Procurement Specialist,Procurement,,,claude_web,1,ai procurement specialist
AI Producer,Production,,,claude_web,1,ai producer
AI Product Analyst,Emerging Roles,,,original,1,ai product analyst
AI Product Designer,,,,expanded,1,ai product designer
AI Product Engineer,,,,expanded,1,ai product engineer
AI Product Manager,Product & Program Management,Mid-Senior,AI Product Strategy,claude_web;gemini;original,3,ai product manager
AI Product Portfolio Manager,,,,expanded,1,ai product portfolio manager
AI Product Specialist,,,,expanded,1,ai product specialist
AI Product Support Specialist,,,,expanded,1,ai product support specialist
AI Production Assistant,Production,,,claude_web,1,ai production assistant
AI Production Coordinator,Production,,,claude_web,1,ai production coordinator
AI Production Designer,Design,,,claude_web,1,ai production designer
AI Production Manager,Production,,,claude_web,1,ai production manager
AI Profiling Engineer,Performance Analysis,,,claude_web,1,ai profiling engineer
AI Program Manager,Product & Program Management,Senior,Enterprise Rollouts,claude_web;expanded;gemini,3,ai program manager
AI Project Manager,Product & Program Management,Mid-Senior,AI Implementation,claude_web;expanded;gemini,3,ai project manager
AI Prompt Engineer,Core Technical Engineering,Mid,Prompt Optimization & Context,expanded;gemini,2,ai prompt engineer
AI Proof of Concept Manager,POC,,,claude_web,1,ai proof of concept manager
AI Property Manager,Property Management,,,claude_web,1,ai property manager
AI Props Master,Props,,,claude_web,1,ai props master
AI Provenance Engineer,Data Provenance,,,claude_web,1,ai provenance engineer
AI Proxy Administrator,Security,,,claude_web,1,ai proxy administrator
AI Public Relations Specialist,Public Relations,,,claude_web,1,ai public relations specialist
AI Purchasing Manager,Purchasing,,,claude_web,1,ai purchasing manager
AI Purple Team Lead,Purple Team,,,claude_web,1,ai purple team lead
AI QA Engineer,,,,expanded,1,ai qa engineer
AI Quality Assurance Engineer,Evaluation & Safety,Mid-Senior,System Output Reliability,gemini,1,ai quality assurance engineer
AI Quality Assurance Specialist,,,,expanded,1,ai quality assurance specialist
AI Quality Engineer,Quality & Testing,,,claude_web;original,2,ai quality engineer
AI Quality Manager,Quality Management,,,claude_web,1,ai quality manager
AI Quantitative Analyst,Finance & Fintech,Senior,Algorithmic Finance Models,gemini,1,ai quantitative analyst
AI Rater,,,,expanded,1,ai rater
AI Real Estate Agent,Real Estate,,,claude_web,1,ai real estate agent
AI Recruiting Coordinator,Recruiting,,,claude_web,1,ai recruiting coordinator
AI Recruiting Manager,Recruitment,,,claude_web,1,ai recruiting manager
AI Recycling Coordinator,Sustainability,,,claude_web,1,ai recycling coordinator
AI Red Team Engineer,Governance/Safety/Ethics,,,claude_web;expanded,2,ai red team engineer
AI Red Teamer,Evaluation & Safety,Senior,Adversarial Model Testing,claude_web;expanded;gemini,3,ai red teamer
AI Red Teaming Specialist,,,,expanded,1,ai red teaming specialist
AI Redundancy Engineer,Redundancy,,,claude_web,1,ai redundancy engineer
AI Reference Architecture Manager,Architecture,,,claude_web,1,ai reference architecture manager
AI Regulatory Affairs Manager,Compliance,,,claude_web,1,ai regulatory affairs manager
AI Release Engineer,DevOps,,,claude_web,1,ai release engineer
AI Release Manager,Release Management,,,claude_web,1,ai release manager
AI Reliability Auditor,Quality Assurance,,,claude_web,1,ai reliability auditor
AI Reliability Engineer,Infrastructure & Operations,Senior,Production SRE & Monitoring,claude_web;gemini;original,3,ai reliability engineer
AI Reporter,Journalism,,,claude_web,1,ai reporter
AI Reproducibility Engineer,Reproducibility,,,claude_web,1,ai reproducibility engineer
AI Reputation Manager,Reputation Management,,,claude_web,1,ai reputation manager
AI Requirements Analyst,Requirements,,,claude_web,1,ai requirements analyst
AI Requirements Gatherer,Requirements,,,claude_web,1,ai requirements gatherer
AI Research Analyst,Market Research,,,claude_web,1,ai research analyst
AI Research Assistant,,,,expanded,1,ai research assistant
AI Research Director,,,,expanded,1,ai research director
AI Research Engineer,Research & Foundational Science,Senior,Lab-to-Production Research,gemini;original,2,ai research engineer
AI Research Fellow,,,,expanded,1,ai research fellow
AI Research Institution Director,Research,,,claude_web,1,ai research institution director
AI Research Scientist,Research & Foundational Science,Senior,Algorithmic Research,claude_web;gemini;original,3,ai research scientist
AI Researcher,Research & Foundational Science,Mid-Senior,Theoretical AI,claude_web;expanded;gemini,3,ai researcher
AI Reseller Manager,Channel Sales,,,claude_web,1,ai reseller manager
AI Residency Program Director,Residency,,,claude_web,1,ai residency program director
AI Resilience Engineer,Resilience,,,claude_web,1,ai resilience engineer
AI Resource Optimization Engineer,Resource Optimization,,,claude_web,1,ai resource optimization engineer
AI Retained Search Consultant,Executive Search,,,claude_web,1,ai retained search consultant
AI Retirement Planning Specialist,Asset Retirement,,,claude_web,1,ai retirement planning specialist
AI Retraining Engineer,Model Management,,,claude_web,1,ai retraining engineer
AI Revenue Operations Analyst,,,,expanded,1,ai revenue operations analyst
AI Reverse Mentoring Program Manager,Mentorship,,,claude_web,1,ai reverse mentoring program manager
AI Review Board Member,Governance,,,claude_web,1,ai review board member
AI RevOps Analyst,,,,expanded,1,ai revops analyst
AI Risk & Compliance Manager,Governance & Ethics,Manager,Regulatory Risk Mitigation,gemini,1,ai risk compliance manager
AI Risk Analyst,Governance & Ethics,,,original,1,ai risk analyst
AI Risk Assessment Engineer,,,,expanded,1,ai risk assessment engineer
AI Risk Assessment Specialist,Risk,,,claude_web,1,ai risk assessment specialist
AI Risk Manager,Governance/Safety/Ethics,,,claude_web;expanded,2,ai risk manager
AI Risk Modeler - Banking,Finance & Fintech,Senior,Credit Risk & Compliance,gemini,1,ai risk modeler banking
AI Risk Officer,Governance & Ethics,Director,Enterprise Risk Management,claude_web;gemini,2,ai risk officer
AI Robotics Engineer,Robotics,,,claude_web;expanded,2,ai robotics engineer
AI Root Cause Analysis Lead,Problem Management,,,claude_web,1,ai root cause analysis lead
AI Root Cause Analysis Specialist,RCA,,,claude_web,1,ai root cause analysis specialist
AI Route Optimization AI Specialist,Transportation,,,claude_web,1,ai route optimization ai specialist
AI RPO Manager,Recruitment Process Outsourcing,,,claude_web,1,ai rpo manager
AI Runtime Engineer,Runtime Systems,,,claude_web,1,ai runtime engineer
AI Safety Auditor,Safety,,,claude_web,1,ai safety auditor
AI Safety Engineer,Research & Foundational Science,Mid-Senior,Output Guardrails,claude_web;expanded;gemini,3,ai safety engineer
AI Safety Evaluator,,,,expanded,1,ai safety evaluator
AI Safety Officer,Safety,,,claude_web,1,ai safety officer
AI Safety Researcher,Research & Foundational Science,Senior,Frontier Model Risk Mitigation,expanded;gemini,2,ai safety researcher
AI Sales Consultant,Business & Sales,,,original,1,ai sales consultant
AI Sales Engineer,Sales Engineering,,,claude_web;expanded,2,ai sales engineer
AI Scaling Specialist,Scalability,,,claude_web,1,ai scaling specialist
AI Scholarship Advisor,Education,,,claude_web,1,ai scholarship advisor
AI Scholarship Program Manager,Scholarships,,,claude_web,1,ai scholarship program manager
AI School Administrator,Education,,,claude_web,1,ai school administrator
AI School Counselor,Counseling,,,claude_web,1,ai school counselor
AI Scientist,,,,expanded,1,ai scientist
AI Script Supervisor,Supervision,,,claude_web,1,ai script supervisor
AI Scrum Master,Agile,,,claude_web,1,ai scrum master
AI Secure Code Review Specialist,Code Security,,,claude_web,1,ai secure code review specialist
AI Security Administrator,Security,,,claude_web,1,ai security administrator
AI Security Architect,Security,,,claude_web;expanded,2,ai security architect
AI Security Awareness Manager,Security Awareness,,,claude_web,1,ai security awareness manager
AI Security Engineer,Evaluation & Safety,Senior,Vulnerability & Injection Defense,claude_web;gemini;original,3,ai security engineer
AI Security Officer,Security,,,claude_web,1,ai security officer
AI Security Patch Manager,Patching,,,claude_web,1,ai security patch manager
AI Security Researcher,,,,expanded,1,ai security researcher
AI Security Specialist,Governance/Safety/Ethics,,,claude_web;expanded,2,ai security specialist
AI Security Training Manager,Security Training,,,claude_web,1,ai security training manager
AI Self-Service Portal Manager,Portals,,,claude_web,1,ai self-service portal manager
AI Senior Consultant,,,,expanded,1,ai senior consultant
AI Set Decorator,Decoration,,,claude_web,1,ai set decorator
AI Set Designer,Set Design,,,claude_web,1,ai set designer
AI Set Director,Direction,,,claude_web,1,ai set director
AI SIEM Administrator,SIEM,,,claude_web,1,ai siem administrator
AI Six Sigma Master,Quality Management,,,claude_web,1,ai six sigma master
AI Social Impact Manager,Social Impact,,,claude_web,1,ai social impact manager
AI Software Developer,Core AI,,,original,1,ai software developer
AI Software Engineer,Core AI/ML Engineering,,,claude_web,1,ai software engineer
AI Solution Designer,Solution Design,,,claude_web,1,ai solution designer
AI Solutions Architect,Leadership & Strategy,,,claude_web;original,2,ai solutions architect
AI Solutions Architect - Healthcare,Healthcare & Medicine,Senior,EHR & Clinical Integration,gemini,1,ai solutions architect healthcare
AI Solutions Consultant,,,,expanded,1,ai solutions consultant
AI Solutions Engineer,Core Technical Engineering,Mid-Senior,Customer Technical Integration,claude_web;expanded;gemini,3,ai solutions engineer
AI Solutions Manager,,,,expanded,1,ai solutions manager
AI Solutions Specialist,,,,expanded,1,ai solutions specialist
AI Solutions Strategist,,,,expanded,1,ai solutions strategist
AI Sound Designer,Audio Design,,,claude_web,1,ai sound designer
AI Sound Engineer,Audio Engineering,,,claude_web,1,ai sound engineer
AI Sound Mixer,Audio,,,claude_web,1,ai sound mixer
AI Special Effects Technician,Special Effects,,,claude_web,1,ai special effects technician
AI Specialist,Core AI,,,original,1,ai specialist
AI Spokesperson,Media Relations,,,claude_web,1,ai spokesperson
AI Sponsorship Program Manager,Sponsorship,,,claude_web,1,ai sponsorship program manager
AI Sprint Coordinator,Agile,,,claude_web,1,ai sprint coordinator
AI SRE,Infrastructure & Operations,Mid-Senior,System Uptime & Monitoring,gemini,1,ai sre
AI SRE Engineer,Site Reliability,,,claude_web,1,ai sre engineer
AI Staffing Manager,Staffing,,,claude_web,1,ai staffing manager
AI Stakeholder Advisory Council Chair,Governance,,,claude_web,1,ai stakeholder advisory council chair
AI Stakeholder Manager,Stakeholder Management,,,claude_web,1,ai stakeholder manager
AI Standards Engineer,Governance & Ethics,,,original,1,ai standards engineer
AI Standards Manager,Standardization,,,claude_web,1,ai standards manager
AI Startup Advisor,Startups,,,claude_web,1,ai startup advisor
AI Steering Committee Member,Governance,,,claude_web,1,ai steering committee member
AI Storage Administrator,Storage,,,claude_web,1,ai storage administrator
AI Strategic Advisor,Product & Program Management,Senior,Executive Consulting,gemini,1,ai strategic advisor
AI Strategic Partner Manager,Strategic Partnerships,,,claude_web,1,ai strategic partner manager
AI Strategist,Leadership & Strategy,,,claude_web;original,2,ai strategist
AI Strategy Consultant,Product/Strategy,,,claude_web;expanded,2,ai strategy consultant
AI Strategy Lead,,,,expanded,1,ai strategy lead
AI Student Advisory Council Member,Academic,,,claude_web,1,ai student advisory council member
AI Student Mentor,Mentorship,,,claude_web,1,ai student mentor
AI Student Success Manager,Student Services,,,claude_web,1,ai student success manager
AI Stunt Coordinator,Stunts,,,claude_web,1,ai stunt coordinator
AI Succession Planning Manager,Succession,,,claude_web,1,ai succession planning manager
AI Supplier Manager,Supplier Management,,,claude_web,1,ai supplier manager
AI Supply Chain Manager,Supply Chain,,,claude_web,1,ai supply chain manager
AI Support Analyst,AI Training/Annotation,,,claude_web,1,ai support analyst
AI Support Manager,Support,,,claude_web,1,ai support manager
AI Support Specialist,AI Training/Annotation,,,claude_web,1,ai support specialist
AI Survey Designer,Research,,,claude_web,1,ai survey designer
AI Sustainability AI Specialist,Sustainability,,,claude_web,1,ai sustainability ai specialist
AI Sustainability Coordinator,Sustainability,,,claude_web,1,ai sustainability coordinator
AI Synthetic Data Engineer,Data Engineering,,,claude_web,1,ai synthetic data engineer
AI System Health Manager,Health Monitoring,,,claude_web,1,ai system health manager
AI Systems Administrator,Systems,,,claude_web,1,ai systems administrator
AI Systems Architect,Architecture & Design,Senior,Distributed Systems,gemini,1,ai systems architect
AI Systems Designer,Systems Design,,,claude_web,1,ai systems designer
AI Systems Engineer,Specialized Technical,,,claude_web;original,2,ai systems engineer
AI Systems Integrator,Systems Integration,,,claude_web,1,ai systems integrator
AI Systems Integrator Manager,Systems Integration,,,claude_web,1,ai systems integrator manager
AI Systems Safety Manager,Governance/Safety/Ethics,,,claude_web;expanded,2,ai systems safety manager
AI Talent Acquisition Manager,Recruitment,,,claude_web,1,ai talent acquisition manager
AI Talent Acquisition Specialist,Human Resources,Mid-Senior,Executive Sourcing,gemini,1,ai talent acquisition specialist
AI Talent Development Manager,Talent Development,,,claude_web,1,ai talent development manager
AI Talent Pipeline Manager,Talent,,,claude_web,1,ai talent pipeline manager
AI Tax Specialist,Tax,,,claude_web,1,ai tax specialist
AI Teacher,,,,expanded,1,ai teacher
AI Technical Recruiter,Human Resources,Mid,Talent Acquisition,claude_web;expanded;gemini,3,ai technical recruiter
AI Technical Standards Officer,Standards,,,claude_web,1,ai technical standards officer
AI Technical Support Engineer,Technical Support,,,claude_web,1,ai technical support engineer
AI Technical Writer,Communications,Mid,Model Documentation & API Guides,gemini;original,2,ai technical writer
AI Technology Architect,Technology,,,claude_web,1,ai technology architect
AI Technology Assessment Specialist,Technology,,,claude_web,1,ai technology assessment specialist
AI Technology Evaluation Manager,Technology,,,claude_web,1,ai technology evaluation manager
AI Technology Selection Committee Chair,Technology,,,claude_web,1,ai technology selection committee chair
AI Technology Standardization Manager,Standardization,,,claude_web,1,ai technology standardization manager
AI Telemetry Engineer,Telemetry,,,claude_web,1,ai telemetry engineer
AI Telemetry Specialist,Telemetry,,,claude_web,1,ai telemetry specialist
AI Temporary Staffing Coordinator,Staffing,,,claude_web,1,ai temporary staffing coordinator
AI Test Engineer,Quality & Testing,,,original,1,ai test engineer
AI Testing Engineer,Quality Assurance,,,claude_web,1,ai testing engineer
AI Third-Party Risk Assessor,Vendor Risk,,,claude_web,1,ai third-party risk assessor
AI Threat Hunter,Threat Hunting,,,claude_web,1,ai threat hunter
AI Threat Intelligence Analyst,Threat Intel,,,claude_web,1,ai threat intelligence analyst
AI Threat Modeler,Security,,,claude_web,1,ai threat modeler
AI Threat Researcher,Cybersecurity,,,claude_web,1,ai threat researcher
AI Ticketing Specialist,Support,,,claude_web,1,ai ticketing specialist
AI Tooling Engineer,Development Tools,,,claude_web;expanded,2,ai tooling engineer
AI Trademark Specialist,Intellectual Property,,,claude_web,1,ai trademark specialist
AI Trainer,Data & Human Alignment,Entry-Mid,Data Labeling & Feedback,claude_web;expanded;gemini,3,ai trainer
AI Training Manager,Training & Development,,,claude_web,1,ai training manager
AI Training Specialist,Specialized Technical,,,original,1,ai training specialist
AI Transformation Lead,Executive & Strategy,Director,Organizational Change Management,expanded;gemini,2,ai transformation lead
AI Transparency Report Author,Reporting,,,claude_web,1,ai transparency report author
AI Transportation Manager,Transportation,,,claude_web,1,ai transportation manager
AI Trends Analyst,Market Analysis,,,claude_web,1,ai trends analyst
AI Troubleshooting Engineer,Troubleshooting,,,claude_web,1,ai troubleshooting engineer
AI Troubleshooting Specialist,Technical Support,,,claude_web,1,ai troubleshooting specialist
AI Trust & Safety Specialist,,,,expanded,1,ai trust safety specialist
AI Trust and Safety Analyst,,,,expanded,1,ai trust and safety analyst
AI Tuition Manager,Education,,,claude_web,1,ai tuition manager
AI Tutor,Tutoring,,,claude_web;expanded,2,ai tutor
AI Underwriting Specialist,Insurance Underwriting,,,claude_web,1,ai underwriting specialist
AI Unit Production Manager,Production,,,claude_web,1,ai unit production manager
AI University Administrator,Higher Education,,,claude_web,1,ai university administrator
AI University Relations Manager,University Relations,,,claude_web,1,ai university relations manager
AI Upgrade Engineer,Systems Upgrade,,,claude_web,1,ai upgrade engineer
AI Usability Tester,Usability,,,claude_web,1,ai usability tester
AI Usage Analytics Engineer,Analytics,,,claude_web,1,ai usage analytics engineer
AI User Advisory Council Chair,Customer Advisory,,,claude_web,1,ai user advisory council chair
AI User Research Manager,User Research,,,claude_web,1,ai user research manager
AI UX Designer,Design & Creative,Mid-Senior,Conversational & Agent Interfaces,claude_web;expanded;gemini,3,ai ux designer
AI UX Researcher,User Experience,,,claude_web,1,ai ux researcher
AI UX/UI Designer,Creative,,,claude_web,1,ai ux ui designer
AI Validation Engineer,Quality & Testing,,,original,1,ai validation engineer
AI Valuation Specialist,Valuation,,,claude_web,1,ai valuation specialist
AI Value Added Reseller Manager,Channel Sales,,,claude_web,1,ai value added reseller manager
AI Vendor Manager,Vendor Management,,,claude_web,1,ai vendor manager
AI Vendor Relations Manager,Vendor Relations,,,claude_web,1,ai vendor relations manager
AI Venture Capital Analyst,Venture Capital,,,claude_web,1,ai venture capital analyst
AI Versioning Engineer,Version Control,,,claude_web,1,ai versioning engineer
AI Versioning Specialist,Model Management,,,claude_web,1,ai versioning specialist
AI Video Producer,Video Production,,,claude_web,1,ai video producer
AI Videographer,Videography,,,claude_web,1,ai videographer
AI Virtualization Specialist,Virtualization,,,claude_web,1,ai virtualization specialist
AI Visual Artist,Visual Arts,,,claude_web,1,ai visual artist
AI Voice Actor,Acting,,,claude_web,1,ai voice actor
AI Voice Director,Voice Direction,,,claude_web,1,ai voice director
AI Voice Producer,,,,expanded,1,ai voice producer
AI Volunteer Coordinator,Volunteering,,,claude_web,1,ai volunteer coordinator
AI VPN Administrator,Security,,,claude_web,1,ai vpn administrator
AI Vulnerability Auditor,Security,,,claude_web,1,ai vulnerability auditor
AI Vulnerability Management Specialist,Vulnerability,,,claude_web,1,ai vulnerability management specialist
AI Vulnerability Researcher,Cybersecurity,,,claude_web,1,ai vulnerability researcher
AI Warehouse Manager,Warehouse,,,claude_web,1,ai warehouse manager
AI Waste Reduction Specialist,Environmental,,,claude_web,1,ai waste reduction specialist
AI Water Usage Optimizer,Environmental,,,claude_web,1,ai water usage optimizer
AI Web Designer,Web Design,,,claude_web,1,ai web designer
AI Web Developer,Web Development,,,claude_web,1,ai web developer
AI Wellness Coordinator,Wellness,,,claude_web,1,ai wellness coordinator
AI Whisperer,,,,expanded,1,ai whisperer
AI Women in AI Coordinator,Diversity,,,claude_web,1,ai women in ai coordinator
AI Workflow Automation Specialist,,,,expanded,1,ai workflow automation specialist
AI Workflow Engineer,Operations & Infrastructure,,,claude_web;original,2,ai workflow engineer
AI Writer,,,,expanded,1,ai writer
AI-Augmented Engineer,Core AI/ML Engineering,,,claude_web,1,ai-augmented engineer
AI-Driven Content Specialist,,,,expanded,1,ai-driven content specialist
AI-Native Developer,Core AI/ML Engineering,,,claude_web;expanded,2,ai-native developer
AI/ML Applied Scientist - Life Sciences,Healthcare & Medicine,Senior,Drug Discovery & Genomics,gemini,1,ai ml applied scientist life sciences
AI/ML Architect,Leadership & Strategy,,,original,1,ai ml architect
AI/ML Engineer (Security Clearance),Government/Defense,,,claude_web,1,ai ml engineer
AIOps Engineer,MLOps/Infrastructure,,,claude_web,1,aiops engineer
Algorithmic AI Trader,Finance & Fintech,Senior,Automated Execution Systems,gemini,1,algorithmic ai trader
Ambient Clinical AI Engineer,,,,expanded,1,ambient clinical ai engineer
Animation AI Specialist,Animation,,,claude_web,1,animation ai specialist
Anomaly Detection AI Engineer,Data Quality,,,claude_web,1,anomaly detection ai engineer
Applied AI Engineer,Core Technical Engineering,Mid-Senior,Applied Product Features,claude_web;gemini;original,3,applied ai engineer
Applied AI Product Manager,,,,expanded,1,applied ai product manager
Applied AI Scientist,,,,expanded,1,applied ai scientist
Artificial Intelligence Architect,Architecture & Design,Principal,Enterprise Infrastructure,gemini,1,artificial intelligence architect
Artificial Intelligence Consultant,Strategy & Operations,Senior,Enterprise Solutions,gemini,1,artificial intelligence consultant
Artificial Intelligence Developer,Core Technical Engineering,Mid,Application Engineering,claude_web;gemini,2,artificial intelligence developer
Artificial Intelligence Engineer,Core Technical Engineering,Mid-Senior,Algorithmic Software Engineering,gemini;original,2,artificial intelligence engineer
Artificial Intelligence Operations Lead,Infrastructure & Operations,Lead,Production Workflows,gemini,1,artificial intelligence operations lead
Artificial Intelligence Research Scientist,Research & Foundational Science,Senior,Foundational Model R&D,gemini,1,artificial intelligence research scientist
Artificial Intelligence Specialist,Core Technical Engineering,Mid-Senior,Domain Implementation,gemini,1,artificial intelligence specialist
Artificial Intelligence Strategy Consultant,Strategy & Operations,Senior,Corporate Roadmaps,gemini,1,artificial intelligence strategy consultant
ASIC AI Engineer,Hardware Design,,,claude_web,1,asic ai engineer
Associate AI Engineer,Seniority Variants,,,claude_web,1,associate ai engineer
Audio AI Engineer,,,,expanded,1,audio ai engineer
Audio AI Specialist,Audio/Music,,,claude_web,1,audio ai specialist
Automotive AI Engineer,,,,expanded,1,automotive ai engineer
Autonomous AI Engineer,Specialized Technical,,,claude_web;original,2,autonomous ai engineer
Bayesian AI Engineer,Probabilistic Systems,,,claude_web,1,bayesian ai engineer
Bio AI Engineer,Biotech,,,claude_web,1,bio ai engineer
Biomedical AI Engineer,Biotech,,,claude_web,1,biomedical ai engineer
C-Suite AI Executive,Executive,,,claude_web,1,c-suite ai executive
Causal Inference AI Engineer,Causal Models,,,claude_web,1,causal inference ai engineer
Chatbot AI Engineer,Conversational AI,,,claude_web,1,chatbot ai engineer
Chemistry AI Engineer,Chemistry,,,claude_web,1,chemistry ai engineer
Chief AI Officer,Executive & Strategy,C-Suite,Enterprise Strategy & Governance,claude_web;gemini;original,3,chief ai officer
Chief AI Revenue Officer,Executive,,,claude_web;expanded,2,chief ai revenue officer
Chief AI Scientist,,,,expanded,1,chief ai scientist
Chief Artificial Intelligence Officer,Executive,,,claude_web,1,chief artificial intelligence officer
Chief Medical AI Officer,,,,expanded,1,chief medical ai officer
Chief Responsible AI Officer,Executive & Strategy,C-Suite,Ethics & Compliance,gemini,1,chief responsible ai officer
Chip Design AI Engineer,Hardware Design,,,claude_web,1,chip design ai engineer
Climate AI Specialist,Climate Science,,,claude_web,1,climate ai specialist
Clinical AI Engineer,Healthcare Domain,,,claude_web,1,clinical ai engineer
Clinical AI Informaticist,,,,expanded,1,clinical ai informaticist
Clinical AI Product Manager,,,,expanded,1,clinical ai product manager
Clinical AI Reviewer,Healthcare & Medicine,Senior,Medical Safety Auditing,gemini,1,clinical ai reviewer
Clinical AI Specialist,Data Science & Analytics,,,claude_web;expanded,2,clinical ai specialist
Clinical Trial AI Specialist,Healthcare Compliance,,,claude_web,1,clinical trial ai specialist
Cognitive AI Engineer,Specialized Technical,,,original,1,cognitive ai engineer
Collaborative Filtering AI Engineer,Recommendation Systems,,,claude_web,1,collaborative filtering ai engineer
Community Detection AI Engineer,Graph Systems,,,claude_web,1,community detection ai engineer
Computer Vision AI Engineer,Specialized Technical,,,claude_web,1,computer vision ai engineer
Content-Based AI Recommendation Engineer,Recommendation Systems,,,claude_web,1,content-based ai recommendation engineer
Context Engineer,Emerging Roles,,,claude_web;original,2,context engineer
Conversational AI Designer,Creative,,,claude_web;expanded,2,conversational ai designer
Conversational AI Engineer,Specialized Technical,,,claude_web;original,2,conversational ai engineer
Counterfactual AI Engineer,Causal Models,,,claude_web,1,counterfactual ai engineer
Credit Risk AI Analyst,Finance,,,claude_web,1,credit risk ai analyst
Crop Monitoring AI Specialist,Agriculture,,,claude_web,1,crop monitoring ai specialist
Cybersecurity AI Specialist,Security Domain,,,claude_web,1,cybersecurity ai specialist
Data Privacy Lead - AI Systems,Governance & Ethics,Lead,Data Protection & Privacy,gemini,1,data privacy lead ai systems
Data Scientist - AI Specialization,Data & Analytics,Mid-Senior,Predictive Analytics,gemini,1,data scientist ai specialization
Decentralized AI Engineer,Decentralized Systems,,,claude_web,1,decentralized ai engineer
Defense AI Engineer,Government/Defense,,,claude_web,1,defense ai engineer
Diagnostic AI Specialist,Healthcare,,,claude_web,1,diagnostic ai specialist
Dialogue AI Engineer,Conversational AI,,,claude_web,1,dialogue ai engineer
Differential Privacy AI Engineer,Privacy,,,claude_web,1,differential privacy ai engineer
Director of AI,Executive,,,claude_web;expanded,2,director of ai
Director of AI Design & Experience,Executive,,,claude_web,1,director of ai design experience
Director of AI Engineering,Executive & Strategy,Director,Engineering Management,claude_web;expanded;gemini,3,director of ai engineering
Director of AI Engineering and Operations,,,,expanded,1,director of ai engineering and operations
Director of AI Governance,Governance/Safety/Ethics,,,claude_web,1,director of ai governance
Director of AI Marketing,Creative,,,claude_web,1,director of ai marketing
Director of AI Research,,,,expanded,1,director of ai research
Director of AI Strategy,,,,expanded,1,director of ai strategy
Distinguished AI Engineer,Seniority Variants,,,claude_web,1,distinguished ai engineer
Drug Discovery AI Engineer,Biotech,,,claude_web,1,drug discovery ai engineer
E-commerce AI Specialist,E-commerce Domain,,,claude_web,1,e-commerce ai specialist
Edge AI Engineer,Specialized Technical,,,claude_web;original,2,edge ai engineer
Educational AI Specialist,Education Domain,,,claude_web,1,educational ai specialist
Embedded AI Engineer,Embedded Systems,,,claude_web,1,embedded ai engineer
Encrypted AI Engineer,Cryptography,,,claude_web,1,encrypted ai engineer
Energy AI Engineer,Energy Sector,,,claude_web,1,energy ai engineer
Enterprise AI Architect,,,,expanded,1,enterprise ai architect
Enterprise AI Solutions Architect,Architecture & Design,Senior,Client Infrastructure,gemini,1,enterprise ai solutions architect
Ethical AI Architect,,,,expanded,1,ethical ai architect
Evals Engineer,AI Training/Annotation,,,claude_web,1,evals engineer
Explainable AI (XAI) Specialist,Specialized Technical,,,claude_web,1,explainable ai specialist
Explainable AI Specialist,Specialized Technical,,,claude_web,1,explainable ai specialist
Fairness AI Engineer,Fairness,,,claude_web,1,fairness ai engineer
Farm Management AI Specialist,Agriculture,,,claude_web,1,farm management ai specialist
FDA AI Specialist,Healthcare Compliance,,,claude_web,1,fda ai specialist
Feature Store AI Engineer,Data Engineering,,,claude_web,1,feature store ai engineer
Federated Learning AI Engineer,Distributed Learning,,,claude_web,1,federated learning ai engineer
Financial AI Engineer,Finance Domain,,,claude_web,1,financial ai engineer
Financial AI Specialist,Data Science & Analytics,,,claude_web,1,financial ai specialist
FinTech AI Data Analyst,Finance & Fintech,Mid,Transaction Analytics,gemini,1,fintech ai data analyst
FinTech AI Developer,Finance & Fintech,Mid-Senior,Banking API & Model Integration,gemini,1,fintech ai developer
Food Science AI Engineer,Food & Beverage,,,claude_web,1,food science ai engineer
Forecasting AI Engineer,Forecasting,,,claude_web,1,forecasting ai engineer
Forward Deployed AI Engineer,Core Technical Engineering,Senior,Client-Embedded Engineering,expanded;gemini,2,forward deployed ai engineer
Forward Deployed Engineer,Core Technical Engineering,,Client-Embedded Engineering,manual,1,forward deployed engineer
Forward-Deployed AI Engineer,Deployment,,,claude_web,1,forward-deployed ai engineer
Founding AI Engineer,,,,expanded,1,founding ai engineer
Founding AI ML Engineer,,,,expanded,1,founding ai ml engineer
FPGA AI Engineer,Hardware Design,,,claude_web,1,fpga ai engineer
Fraud Detection AI Specialist,Finance,,,claude_web,1,fraud detection ai specialist
Full Stack AI Engineer,,,,expanded,1,full stack ai engineer
Function AI Lead,,,,expanded,1,function ai lead
Game AI Specialist,Gaming,,,claude_web,1,game ai specialist
Gaming AI Engineer,Gaming,,,claude_web,1,gaming ai engineer
GenAI Application Developer,,,,expanded,1,genai application developer
GenAI Engineer,Core AI/ML Engineering,,,claude_web,1,genai engineer
GenAI Platform Engineer,,,,expanded,1,genai platform engineer
Generative AI Designer,Design & Creative,Mid,Visual Asset Generation,claude_web;expanded;gemini,3,generative ai designer
Generative AI Engineer,Core Technical Engineering,Mid-Senior,Generative Media & Text,claude_web;gemini;original,3,generative ai engineer
Generative AI Infrastructure Engineer,Operations & Infrastructure,,,original,1,generative ai infrastructure engineer
Generative AI Research Scientist,Generative AI,,,claude_web,1,generative ai research scientist
Generative AI Specialist,Generative AI,,,claude_web,1,generative ai specialist
Genomic AI Specialist,Biotech,,,claude_web,1,genomic ai specialist
Geospatial AI Engineer,Geospatial Analysis,,,claude_web,1,geospatial ai engineer
GPU Optimization AI Engineer,Hardware Optimization,,,claude_web,1,gpu optimization ai engineer
Group AI Product Manager,,,,expanded,1,group ai product manager
Hardware Security AI Specialist,Security,,,claude_web,1,hardware security ai specialist
Head of AI,Leadership & Strategy,,,claude_web;original,2,head of ai
Head of AI Engineering,,,,expanded,1,head of ai engineering
Head of AI Experience,Executive,,,claude_web,1,head of ai experience
Head of AI Infrastructure,MLOps/Infrastructure,,,claude_web,1,head of ai infrastructure
Head of AI Operations,,,,expanded,1,head of ai operations
Head of AI Product,,,,expanded,1,head of ai product
Head of AI Research,Executive & Strategy,Director,Research Vision & Execution,gemini,1,head of ai research
Head of AI Strategy,Executive & Strategy,Director,Business Transformation,gemini,1,head of ai strategy
Head of Applied AI Engineering,,,,expanded,1,head of applied ai engineering
Healthcare AI Engineer,Healthcare & Medicine,Senior,Clinical Systems Development,gemini,1,healthcare ai engineer
Healthcare AI Ethics Specialist,Healthcare & Medicine,Senior,Bioethics & Privacy,gemini,1,healthcare ai ethics specialist
Healthcare AI Evaluator,Healthcare & Medicine,Mid,Medical Accuracy Verification,gemini,1,healthcare ai evaluator
Healthcare AI Project Manager,Healthcare & Medicine,Manager,Clinical Software Projects,gemini,1,healthcare ai project manager
Healthcare AI Prompt Engineer,Healthcare & Medicine,Mid,Clinical Communications,gemini,1,healthcare ai prompt engineer
Healthcare AI Specialist,Data Science & Analytics,,,claude_web,1,healthcare ai specialist
Homomorphic Encryption AI Specialist,Cryptography,,,claude_web,1,homomorphic encryption ai specialist
Hotel AI Specialist,Hospitality,,,claude_web,1,hotel ai specialist
Human-AI Interaction Designer,Creative,,,claude_web,1,human-ai interaction designer
Incident Response AI Specialist,Incident Management,,,claude_web,1,incident response ai specialist
Industrial AI Engineer,Manufacturing Domain,,,claude_web,1,industrial ai engineer
Information Retrieval AI Engineer,Search Technology,,,claude_web,1,information retrieval ai engineer
Infosec Data Scientist - AI Infrastructure,Evaluation & Safety,Senior,Security Analytics,gemini,1,infosec data scientist ai infrastructure
Insurance AI Specialist,Insurance,,,claude_web,1,insurance ai specialist
Intern AI Engineer,Seniority Variants,,,claude_web,1,intern ai engineer
Junior AI Engineer,Seniority Variants,,,claude_web;expanded,2,junior ai engineer
Knowledge Graph AI Engineer,Knowledge Systems,,,claude_web,1,knowledge graph ai engineer
Large Language Model Engineer,Core AI/ML Engineering,,,claude_web,1,large language model engineer
Lead AI Architect,,,,expanded,1,lead ai architect
Lead AI Enablement Operations Project Manager,,,,expanded,1,lead ai enablement operations project manager
Lead AI Engineer,Core Technical Engineering,Lead,Technical Oversight,claude_web;gemini,2,lead ai engineer
Lead AI Prompt Engineer,Core Technical Engineering,Lead,Context Architecture Strategy,gemini,1,lead ai prompt engineer
Lead AI Researcher,,,,expanded,1,lead ai researcher
Lead AI Voice Engineer,,,,expanded,1,lead ai voice engineer
Legal AI Prompt Specialist,Legal & Professional,Mid,Contract Analysis & Drafting,gemini,1,legal ai prompt specialist
Legal AI Specialist,Legal Domain,,,claude_web,1,legal ai specialist
Lending AI Specialist,Finance,,,claude_web,1,lending ai specialist
Link Prediction AI Engineer,Graph Systems,,,claude_web,1,link prediction ai engineer
LLM Architect,Large Language Models,,,claude_web,1,llm architect
LLM Engineer,Specialized Technical,,,claude_web;original,2,llm engineer
LLM Fine-Tuning Specialist,Specialized Technical,,,original,1,llm fine-tuning specialist
LLM Prompt Engineer,Specialized Technical,,,original,1,llm prompt engineer
LLM Researcher,Large Language Models,,,claude_web,1,llm researcher
LLM Specialist,Large Language Models,,,claude_web,1,llm specialist
LLMOps Engineer,Operations & Infrastructure,,,claude_web;original,2,llmops engineer
Logistics AI Engineer,Logistics,,,claude_web,1,logistics ai engineer
Machine Intelligence Engineer,Core AI/ML Engineering,,,claude_web,1,machine intelligence engineer
Materials Science AI Engineer,Materials Science,,,claude_web,1,materials science ai engineer
Medical AI Specialist,Data Science & Analytics,,,claude_web,1,medical ai specialist
Medical AI Trainer,Healthcare & Medicine,Mid,Clinical Model Alignment,gemini,1,medical ai trainer
Medical Data Scientist - AI,Healthcare & Medicine,Senior,Health Data Modeling,gemini,1,medical data scientist ai
Member of Technical Staff (MTS) - AI Research,Research & Foundational Science,Staff,Frontier Model Research,gemini,1,member of technical staff ai research
Memory Optimization AI Engineer,Hardware Optimization,,,claude_web,1,memory optimization ai engineer
Mid-Level AI Engineer,,,,expanded,1,mid-level ai engineer
Molecular AI Scientist,Biotech,,,claude_web,1,molecular ai scientist
Multimodal AI Engineer,Multimodal Systems,,,claude_web;expanded,2,multimodal ai engineer
Multimodal AI Researcher,Multimodal Systems,,,claude_web,1,multimodal ai researcher
Multimodal AI Scientist,Research & Foundational Science,Senior,Cross-Modal Learning,gemini,1,multimodal ai scientist
Music AI Engineer,Audio/Music,,,claude_web,1,music ai engineer
Network Analysis AI Engineer,Network Science,,,claude_web,1,network analysis ai engineer
Neuromorphic AI Engineer,Neuromorphic Computing,,,claude_web,1,neuromorphic ai engineer
NLP AI Engineer,Specialized Technical,,,claude_web,1,nlp ai engineer
On-Device AI Engineer,Hardware/Edge,,,claude_web,1,on-device ai engineer
Ontology AI Engineer,Knowledge Systems,,,claude_web,1,ontology ai engineer
Outlier Detection AI Specialist,Data Quality,,,claude_web,1,outlier detection ai specialist
Pathology AI Specialist,Healthcare,,,claude_web,1,pathology ai specialist
Patient Safety AI Specialist,Healthcare,,,claude_web,1,patient safety ai specialist
Personalization AI Engineer,Personalization,,,claude_web,1,personalization ai engineer
Portfolio AI Manager,Finance,,,claude_web,1,portfolio ai manager
Power Efficiency AI Engineer,Hardware Optimization,,,claude_web,1,power efficiency ai engineer
Prediction AI Engineer,Predictive Analytics,,,claude_web,1,prediction ai engineer
Principal Agentic AI Architect,,,,expanded,1,principal agentic ai architect
Principal Agentic GenAI Forward-Deployed Context Architect,,,,expanded,1,principal agentic genai forward-deployed context architect
Principal AI Architect,Architecture & Design,Principal,Enterprise System Design,expanded;gemini,2,principal ai architect
Principal AI Engineer,Core Technical Engineering,Principal,Enterprise Systems,claude_web;expanded;gemini,3,principal ai engineer
Principal AI Product Manager,,,,expanded,1,principal ai product manager
Principal AI Strategy Consultant,,,,expanded,1,principal ai strategy consultant
Privacy & AI Governance Analyst,,,,expanded,1,privacy ai governance analyst
Privacy-Preserving AI Engineer,Privacy,,,claude_web,1,privacy-preserving ai engineer
Probabilistic AI Engineer,Probabilistic Systems,,,claude_web,1,probabilistic ai engineer
Prompt Engineer,Emerging Roles,,,claude_web;original,2,prompt engineer
Property Valuation AI Engineer,Real Estate,,,claude_web,1,property valuation ai engineer
Quantitative AI Analyst,Data Science & Analytics,,,claude_web,1,quantitative ai analyst
Quantitative AI Engineer,Finance Domain,,,claude_web,1,quantitative ai engineer
Quantum AI Engineer,Specialized Technical,,,claude_web;original,2,quantum ai engineer
Radiology AI Specialist,Healthcare,,,claude_web,1,radiology ai specialist
RAG Engineer,Specialized Technical,,,claude_web;original,2,rag engineer
Ranking AI Engineer,Search Technology,,,claude_web,1,ranking ai engineer
Real Estate AI Specialist,Real Estate,,,claude_web,1,real estate ai specialist
Recommendation AI Engineer,Specialized Domains,,,claude_web,1,recommendation ai engineer
Recommendation System AI Engineer,Recommendation Systems,,,claude_web,1,recommendation system ai engineer
Regulatory AI Specialist,Compliance,,,claude_web,1,regulatory ai specialist
Reinforcement Learning AI Engineer,Specialized Domains,,,claude_web,1,reinforcement learning ai engineer
Renewable Energy AI Specialist,Energy Sector,,,claude_web,1,renewable energy ai specialist
Responsible AI Engineer,Governance & Ethics,,,original,1,responsible ai engineer
Responsible AI Lead,Governance & Ethics,Lead,Corporate Responsibility,claude_web;expanded;gemini,3,responsible ai lead
Responsible AI Officer,Governance & Ethics,,,original,1,responsible ai officer
Responsible AI Scientist,Governance/Safety/Ethics,,,claude_web;expanded,2,responsible ai scientist
Responsible AI TPM,Product & Program Management,Senior,Ethics Lifecycle Management,gemini,1,responsible ai tpm
Restaurant AI Manager,Hospitality,,,claude_web,1,restaurant ai manager
Retail AI Engineer,E-commerce Domain,,,claude_web,1,retail ai engineer
Retrieval Augmented Generation AI Engineer,RAG Systems,,,claude_web,1,retrieval augmented generation ai engineer
Risk Management AI Specialist,Finance,,,claude_web,1,risk management ai specialist
RLHF Contributor,AI Training/Annotation,,,claude_web,1,rlhf contributor
Robotic Software R&D Engineer - AI,Core Technical Engineering,Senior,Autonomous Hardware,gemini,1,robotic software r d engineer ai
Robust AI Engineer,Robustness,,,claude_web,1,robust ai engineer
SAP AI Specialist,,,,expanded,1,sap ai specialist
Search AI Engineer,Search Technology,,,claude_web,1,search ai engineer
Secure Multiparty Computation AI Engineer,Cryptography,,,claude_web,1,secure multiparty computation ai engineer
Semantic Web AI Specialist,Semantic Technologies,,,claude_web,1,semantic web ai specialist
Senior Agentic AI Engineer,,,,expanded,1,senior agentic ai engineer
Senior AI Architect,,,,expanded,1,senior ai architect
Senior AI Consultant,,,,expanded,1,senior ai consultant
Senior AI Engineer,Seniority Variants,,,claude_web;expanded,2,senior ai engineer
Senior AI Infrastructure Engineer,,,,expanded,1,senior ai infrastructure engineer
Senior AI Leadership Position,Executive,,,claude_web,1,senior ai leadership position
Senior AI Product Manager,Product/Strategy,,,claude_web;expanded,2,senior ai product manager
Senior AI Prompt Engineer,Core Technical Engineering,Senior,Advanced Context Engineering,gemini,1,senior ai prompt engineer
Senior AI Research Scientist,,,,expanded,1,senior ai research scientist
Senior AI Security Product Manager,,,,expanded,1,senior ai security product manager
Senior AI Software Engineer,Core Technical Engineering,Senior,Full Stack AI Applications,gemini,1,senior ai software engineer
Senior AI Technical Program Manager,Product & Program Management,Senior,Infrastructure & Delivery,gemini,1,senior ai technical program manager
Senior GenAI Lead,,,,expanded,1,senior genai lead
Senior Healthcare AI Engineer,Healthcare Domain,,,claude_web,1,senior healthcare ai engineer
Senior Manager AI Automation Architect,,,,expanded,1,senior manager ai automation architect
Senior Manager of AI Governance,,,,expanded,1,senior manager of ai governance
Senior Solution Consultant AI Specialist,,,,expanded,1,senior solution consultant ai specialist
Social Network AI Analyst,Social Networks,,,claude_web,1,social network ai analyst
Speech Scientist - AI,Research & Foundational Science,Senior,Voice Models & Synthesis,gemini,1,speech scientist ai
Speech Synthesis AI Engineer,Voice Technology,,,claude_web,1,speech synthesis ai engineer
Sports Analytics AI Engineer,Sports,,,claude_web,1,sports analytics ai engineer
Sr Director AI Data Strategy and Governance,,,,expanded,1,sr director ai data strategy and governance
Staff AI Engineer,Core Technical Engineering,Staff,Core Architecture,claude_web;expanded;gemini,3,staff ai engineer
Staff AI Research Scientist,,,,expanded,1,staff ai research scientist
Staff VP AI Technology Governance and Enablement,,,,expanded,1,staff vp ai technology governance and enablement
Supply Chain AI Integrator,,,,expanded,1,supply chain ai integrator
Supply Chain AI Specialist,Supply Chain,,,claude_web,1,supply chain ai specialist
Sustainability AI Product Manager,,,,expanded,1,sustainability ai product manager
Technical AI Policy Researcher,,,,expanded,1,technical ai policy researcher
Third-Party Risk Assessor for AI,Governance/Safety/Ethics,,,claude_web,1,third-party risk assessor for ai
Time Series AI Engineer,Time Series Analysis,,,claude_web,1,time series ai engineer
Tourism AI Analyst,Hospitality,,,claude_web,1,tourism ai analyst
TPU Optimization AI Engineer,Hardware Optimization,,,claude_web,1,tpu optimization ai engineer
Trading AI Specialist,Finance,,,claude_web,1,trading ai specialist
Transparency AI Specialist,Interpretability,,,claude_web,1,transparency ai specialist
Transparency and Interpretability AI Engineer,Interpretability,,,claude_web,1,transparency and interpretability ai engineer
Transportation AI Engineer,Transportation,,,claude_web,1,transportation ai engineer
Trusted Execution Environment AI Engineer,Security,,,claude_web,1,trusted execution environment ai engineer
Trustworthy AI Engineer,Trust & Safety,,,claude_web,1,trustworthy ai engineer
Uncertainty Quantification AI Engineer,Uncertainty,,,claude_web,1,uncertainty quantification ai engineer
Urban Planning AI Specialist,City Planning,,,claude_web,1,urban planning ai specialist
Vector Database AI Engineer,Databases,,,claude_web,1,vector database ai engineer
VFX AI Specialist,Visual Effects,,,claude_web,1,vfx ai specialist
Voice AI Engineer,Voice Technology,,,claude_web;expanded,2,voice ai engineer
VP AI Center of Excellence,,,,expanded,1,vp ai center of excellence
VP of AI,Executive,,,claude_web;expanded,2,vp of ai
VP of AI Engineering,Executive & Strategy,Executive,Engineering Leadership,gemini,1,vp of ai engineering
VP of AI Product Marketing,Creative,,,claude_web,1,vp of ai product marketing
VP of AI/ML,Executive,,,claude_web,1,vp of ai ml
VP of Artificial Intelligence,Executive & Strategy,Executive,Organizational AI Leadership,gemini,1,vp of artificial intelligence
Weather AI Specialist,Climate/Weather,,,claude_web,1,weather ai specialist
Weather Forecasting AI Engineer,Climate Science,,,claude_web,1,weather forecasting ai engineer
